[{"model":"admin.logentry","pk":1,"fields":{"action_time":"2023-09-25T22:49:00.053Z","user":1,"content_type":7,"object_id":"1","object_repr":"Первые пять номеров","action_flag":1,"change_message":"[{\"added\": {}}, {\"added\": {\"name\": \"subcategory\", \"object\": \"\\u0428\\u0438\\u043d\\u044b\"}}, {\"added\": {\"name\": \"subcategory\", \"object\": \"\\u041f\\u0435\\u0447\\u0438\"}}, {\"added\": {\"name\": \"subcategory\", \"object\": \"\\u041b\\u0438\\u0441\\u0442\\u044b\"}}, {\"added\": {\"name\": \"subcategory\", \"object\": \"\\u041f\\u043b\\u0430\\u043d \\u0436\\u0438\\u043b\\u044c\\u044f\"}}, {\"added\": {\"name\": \"subcategory\", \"object\": \"\\u041f\\u043b\\u0430\\u043d \\u0441\\u0435\\u043b\\u044c\\u0441\\u043a\\u043e\\u0439 \\u043c\\u0435\\u0441\\u0442\\u043d\\u043e\\u0441\\u0442\\u0438\"}}]"}},{"model":"admin.logentry","pk":2,"fields":{"action_time":"2023-09-25T22:54:27.168Z","user":1,"content_type":8,"object_id":"1","object_repr":"Exercise object (1)","action_flag":1,"change_message":"[{\"added\": {}}]"}},{"model":"admin.logentry","pk":3,"fields":{"action_time":"2023-09-25T22:58:51.637Z","user":1,"content_type":9,"object_id":"1","object_repr":"1","action_flag":1,"change_message":"[{\"added\": {}}, {\"added\": {\"name\": \"answer\", \"object\": \"Answer object (1)\"}}]"}},{"model":"admin.logentry","pk":4,"fields":{"action_time":"2023-09-25T22:59:47.996Z","user":1,"content_type":9,"object_id":"2","object_repr":"2","action_flag":1,"change_message":"[{\"added\": {}}, {\"added\": {\"name\": \"answer\", \"object\": \"Answer object (2)\"}}]"}},{"model":"admin.logentry","pk":5,"fields":{"action_time":"2023-09-25T23:00:37.595Z","user":1,"content_type":9,"object_id":"3","object_repr":"3","action_flag":1,"change_message":"[{\"added\": {}}, {\"added\": {\"name\": \"answer\", \"object\": \"Answer object (3)\"}}]"}},{"model":"admin.logentry","pk":6,"fields":{"action_time":"2023-09-25T23:01:31.760Z","user":1,"content_type":9,"object_id":"4","object_repr":"4","action_flag":1,"change_message":"[{\"added\": {}}, {\"added\": {\"name\": \"answer\", \"object\": \"Answer object (4)\"}}]"}},{"model":"admin.logentry","pk":7,"fields":{"action_time":"2023-09-25T23:02:31.083Z","user":1,"content_type":9,"object_id":"5","object_repr":"5","action_flag":1,"change_message":"[{\"added\": {}}, {\"added\": {\"name\": \"answer\", \"object\": \"Answer object (5)\"}}]"}},{"model":"admin.logentry","pk":8,"fields":{"action_time":"2023-09-25T23:05:50.736Z","user":1,"content_type":7,"object_id":"2","object_repr":"Числа и вычисления","action_flag":1,"change_message":"[{\"added\": {}}, {\"added\": {\"name\": \"subcategory\", \"object\": \"\\u0414\\u0435\\u0439\\u0441\\u0442\\u0432\\u0438\\u044f \\u0441 \\u043e\\u0431\\u044b\\u043a\\u043d\\u043e\\u0432\\u0435\\u043d\\u043d\\u044b\\u043c\\u0438 \\u0434\\u0440\\u043e\\u0431\\u044f\\u043c\\u0438\"}}, {\"added\": {\"name\": \"subcategory\", \"object\": \"\\u0414\\u0435\\u0439\\u0441\\u0442\\u0432\\u0438\\u044f \\u0441 \\u0434\\u0435\\u0441\\u044f\\u0442\\u0438\\u0447\\u043d\\u044b\\u043c\\u0438 \\u0434\\u0440\\u043e\\u0431\\u044f\\u043c\\u0438\"}}, {\"added\": {\"name\": \"subcategory\", \"object\": \"\\u0414\\u0435\\u0439\\u0441\\u0442\\u0432\\u0438\\u044f \\u0441 \\u043e\\u0431\\u044b\\u043a\\u043d\\u043e\\u0432\\u0435\\u043d\\u043d\\u044b\\u043c\\u0438 \\u0438 \\u0434\\u0435\\u0441\\u044f\\u0442\\u0438\\u0447\\u043d\\u044b\\u043c\\u0438 \\u0434\\u0440\\u043e\\u0431\\u044f\\u043c\\u0438\"}}, {\"added\": {\"name\": \"subcategory\", \"object\": \"\\u0421\\u0442\\u0435\\u043f\\u0435\\u043d\\u0438\"}}]"}},{"model":"admin.logentry","pk":9,"fields":{"action_time":"2023-09-25T23:06:55.245Z","user":1,"content_type":7,"object_id":"3","object_repr":"Числовые неравенства, координатная прямая","action_flag":1,"change_message":"[{\"added\": {}}, {\"added\": {\"name\": \"subcategory\", \"object\": \"\\u041d\\u0435\\u0440\\u0430\\u0432\\u0435\\u043d\\u0441\\u0442\\u0432\\u0430\"}}, {\"added\": {\"name\": \"subcategory\", \"object\": \"\\u0421\\u0440\\u0430\\u0432\\u043d\\u0435\\u043d\\u0438\\u0435 \\u0447\\u0438\\u0441\\u0435\\u043b\"}}, {\"added\": {\"name\": \"subcategory\", \"object\": \"\\u0427\\u0438\\u0441\\u043b\\u0430 \\u043d\\u0430 \\u043f\\u0440\\u044f\\u043c\\u043e\\u0439\"}}, {\"added\": {\"name\": \"subcategory\", \"object\": \"\\u0412\\u044b\\u0431\\u043e\\u0440 \\u0432\\u0435\\u0440\\u043d\\u043e\\u0433\\u043e \\u0438\\u043b\\u0438 \\u043d\\u0435\\u0432\\u0435\\u0440\\u043d\\u043e\\u0433\\u043e \\u0443\\u0442\\u0432\\u0435\\u0440\\u0436\\u0434\\u0435\\u043d\\u0438\\u044f\"}}]"}},{"model":"admin.logentry","pk":10,"fields":{"action_time":"2023-09-25T23:08:08.065Z","user":1,"content_type":8,"object_id":"2","object_repr":"Exercise object (2)","action_flag":1,"change_message":"[{\"added\": {}}]"}},{"model":"admin.logentry","pk":11,"fields":{"action_time":"2023-09-25T23:09:58.292Z","user":1,"content_type":9,"object_id":"6","object_repr":"6","action_flag":1,"change_message":"[{\"added\": {}}, {\"added\": {\"name\": \"answer\", \"object\": \"Answer object (6)\"}}]"}},{"model":"admin.logentry","pk":12,"fields":{"action_time":"2023-09-25T23:11:57.757Z","user":1,"content_type":9,"object_id":"7","object_repr":"7","action_flag":2,"change_message":"[{\"changed\": {\"fields\": [\"\\u2116\"]}}, {\"deleted\": {\"name\": \"answer\", \"object\": \"Answer object (None)\"}}]"}},{"model":"admin.logentry","pk":13,"fields":{"action_time":"2023-09-25T23:12:24.746Z","user":1,"content_type":9,"object_id":"7","object_repr":"7","action_flag":2,"change_message":"[{\"added\": {\"name\": \"answer\", \"object\": \"Answer object (7)\"}}]"}},{"model":"admin.logentry","pk":14,"fields":{"action_time":"2023-09-25T23:13:06.741Z","user":1,"content_type":8,"object_id":"2","object_repr":"Числа на прямой","action_flag":2,"change_message":"[]"}},{"model":"admin.logentry","pk":15,"fields":{"action_time":"2023-09-25T23:13:27.824Z","user":1,"content_type":8,"object_id":"3","object_repr":"Действия с обыкновенными дробями","action_flag":1,"change_message":"[{\"added\": {}}]"}},{"model":"admin.logentry","pk":16,"fields":{"action_time":"2023-09-25T23:14:23.945Z","user":1,"content_type":9,"object_id":"6","object_repr":"6","action_flag":2,"change_message":"[{\"changed\": {\"fields\": [\"\\u041f\\u043e\\u0434\\u0432\\u0438\\u0434\", \"Condition\", \"\\u0420\\u0435\\u0448\\u0435\\u043d\\u0438\\u0435\"]}}, {\"added\": {\"name\": \"answer\", \"object\": \"Answer object (8)\"}}]"}},{"model":"admin.logentry","pk":17,"fields":{"action_time":"2023-09-25T23:35:57.241Z","user":1,"content_type":8,"object_id":"3","object_repr":"Действия с обыкновенными дробями 3","action_flag":2,"change_message":"[{\"changed\": {\"name\": \"test\", \"object\": \"6\", \"fields\": [\"\\u041e\\u0442\\u0432\\u0435\\u0442\"]}}]"}},{"model":"admin.logentry","pk":18,"fields":{"action_time":"2023-09-25T23:37:20.423Z","user":1,"content_type":7,"object_id":"4","object_repr":"Числа, вычисления и алгебраические выражения","action_flag":1,"change_message":"[{\"added\": {}}, {\"added\": {\"name\": \"subcategory\", \"object\": \"\\u0426\\u0435\\u043b\\u044b\\u0435 \\u0430\\u043b\\u0433\\u0435\\u0431\\u0440\\u0430\\u0438\\u0447\\u0435\\u0441\\u043a\\u0438\\u0435 \\u0432\\u044b\\u0440\\u0430\\u0436\\u0435\\u043d\\u0438\\u044f\"}}, {\"added\": {\"name\": \"subcategory\", \"object\": \"\\u0420\\u0430\\u0446\\u0438\\u043e\\u043d\\u0430\\u043b\\u044c\\u043d\\u044b\\u0435 \\u0430\\u043b\\u0433\\u0435\\u0431\\u0440\\u0430\\u0438\\u0447\\u0435\\u0441\\u043a\\u0438\\u0435 \\u0432\\u044b\\u0440\\u0430\\u0436\\u0435\\u043d\\u0438\\u044f\"}}, {\"added\": {\"name\": \"subcategory\", \"object\": \"\\u0421\\u0442\\u0435\\u043f\\u0435\\u043d\\u0438 \\u0438 \\u043a\\u043e\\u0440\\u043d\\u0438\"}}]"}},{"model":"admin.logentry","pk":19,"fields":{"action_time":"2023-09-25T23:38:41.141Z","user":1,"content_type":8,"object_id":"4","object_repr":"Степени и корни 4","action_flag":1,"change_message":"[{\"added\": {}}, {\"added\": {\"name\": \"test\", \"object\": \"8\"}}]"}},{"model":"admin.logentry","pk":20,"fields":{"action_time":"2023-09-26T20:25:38.882Z","user":1,"content_type":9,"object_id":"5","object_repr":"5","action_flag":2,"change_message":"[{\"changed\": {\"fields\": [\"Condition\"]}}]"}},{"model":"admin.logentry","pk":21,"fields":{"action_time":"2023-09-26T20:27:39.726Z","user":1,"content_type":9,"object_id":"5","object_repr":"5","action_flag":2,"change_message":"[{\"changed\": {\"fields\": [\"Condition\"]}}]"}},{"model":"admin.logentry","pk":22,"fields":{"action_time":"2023-09-26T20:30:06.238Z","user":1,"content_type":9,"object_id":"5","object_repr":"5","action_flag":2,"change_message":"[{\"changed\": {\"fields\": [\"Condition\"]}}]"}},{"model":"admin.logentry","pk":23,"fields":{"action_time":"2023-09-26T20:31:18.652Z","user":1,"content_type":9,"object_id":"5","object_repr":"5","action_flag":2,"change_message":"[{\"changed\": {\"fields\": [\"Condition\"]}}]"}},{"model":"admin.logentry","pk":24,"fields":{"action_time":"2023-09-26T20:39:16.790Z","user":1,"content_type":9,"object_id":"1","object_repr":"1","action_flag":2,"change_message":"[{\"changed\": {\"fields\": [\"Condition\"]}}]"}},{"model":"admin.logentry","pk":25,"fields":{"action_time":"2023-09-26T21:01:40.741Z","user":1,"content_type":9,"object_id":"5","object_repr":"5","action_flag":2,"change_message":"[{\"changed\": {\"fields\": [\"\\u041e\\u0442\\u0432\\u0435\\u0442\"]}}]"}},{"model":"admin.logentry","pk":26,"fields":{"action_time":"2023-09-26T21:26:16.236Z","user":1,"content_type":7,"object_id":"5","object_repr":"Уравнения, системы уравнений","action_flag":1,"change_message":"[{\"added\": {}}, {\"added\": {\"name\": \"subcategory\", \"object\": \"\\u041b\\u0438\\u043d\\u0435\\u0439\\u043d\\u044b\\u0435 \\u0443\\u0440\\u0430\\u0432\\u043d\\u0435\\u043d\\u0438\\u044f\"}}, {\"added\": {\"name\": \"subcategory\", \"object\": \"\\u041a\\u0432\\u0430\\u0434\\u0440\\u0430\\u0442\\u043d\\u044b\\u0435 \\u0443\\u0440\\u0430\\u0432\\u043d\\u0435\\u043d\\u0438\\u044f\"}}, {\"added\": {\"name\": \"subcategory\", \"object\": \"\\u0420\\u0430\\u0446\\u0438\\u043e\\u043d\\u0430\\u043b\\u044c\\u043d\\u044b\\u0435 \\u0443\\u0440\\u0430\\u0432\\u043d\\u0435\\u043d\\u0438\\u044f\"}}, {\"added\": {\"name\": \"subcategory\", \"object\": \"\\u0421\\u0438\\u0441\\u0442\\u0435\\u043c\\u044b \\u0443\\u0440\\u0430\\u0432\\u043d\\u0435\\u043d\\u0438\\u0439\"}}]"}},{"model":"admin.logentry","pk":27,"fields":{"action_time":"2023-09-26T21:28:37.807Z","user":1,"content_type":8,"object_id":"5","object_repr":"Квадратные уравнения 5","action_flag":1,"change_message":"[{\"added\": {}}, {\"added\": {\"name\": \"test\", \"object\": \"9\"}}]"}},{"model":"admin.logentry","pk":28,"fields":{"action_time":"2023-09-26T21:29:40.477Z","user":1,"content_type":7,"object_id":"6","object_repr":"Статистика, вероятности","action_flag":1,"change_message":"[{\"added\": {}}, {\"added\": {\"name\": \"subcategory\", \"object\": \"\\u041a\\u043b\\u0430\\u0441\\u0441\\u0438\\u0447\\u0435\\u0441\\u043a\\u0438\\u0435 \\u0432\\u0435\\u0440\\u043e\\u044f\\u0442\\u043d\\u043e\\u0441\\u0442\\u0438\"}}, {\"added\": {\"name\": \"subcategory\", \"object\": \"\\u0421\\u0442\\u0430\\u0442\\u0438\\u0441\\u0442\\u0438\\u043a\\u0430, \\u0442\\u0435\\u043e\\u0440\\u0435\\u043c\\u044b \\u043e \\u0432\\u0435\\u0440\\u043e\\u044f\\u0442\\u043d\\u043e\\u0441\\u0442\\u044f\\u0445 \\u0441\\u043e\\u0431\\u044b\\u0442\\u0438\\u0439\"}}]"}},{"model":"admin.logentry","pk":29,"fields":{"action_time":"2023-09-26T21:31:15.654Z","user":1,"content_type":8,"object_id":"6","object_repr":"Классические вероятности 6","action_flag":1,"change_message":"[{\"added\": {}}, {\"added\": {\"name\": \"test\", \"object\": \"10\"}}]"}},{"model":"admin.logentry","pk":30,"fields":{"action_time":"2023-09-26T21:33:25.216Z","user":1,"content_type":7,"object_id":"7","object_repr":"Алгебраические выражения, уравнения, неравенства и их системы","action_flag":1,"change_message":"[{\"added\": {}}, {\"added\": {\"name\": \"subcategory\", \"object\": \"\\u0410\\u043b\\u0433\\u0435\\u0431\\u0440\\u0430\\u0438\\u0447\\u0435\\u0441\\u043a\\u0438\\u0435 \\u0432\\u044b\\u0440\\u0430\\u0436\\u0435\\u043d\\u0438\\u044f\"}}, {\"added\": {\"name\": \"subcategory\", \"object\": \"\\u0423\\u0440\\u0430\\u0432\\u043d\\u0435\\u043d\\u0438\\u044f\"}}, {\"added\": {\"name\": \"subcategory\", \"object\": \"\\u041d\\u0435\\u0440\\u0430\\u0432\\u0435\\u043d\\u0441\\u0442\\u0432\\u04302\"}}, {\"added\": {\"name\": \"subcategory\", \"object\": \"\\u0421\\u0438\\u0441\\u0442\\u0435\\u043c\\u044b \\u0443\\u0440\\u0430\\u0432\\u043d\\u0435\\u043d\\u0438\\u04392\"}}, {\"added\": {\"name\": \"subcategory\", \"object\": \"\\u0421\\u0438\\u0441\\u0442\\u0435\\u043c\\u044b \\u043d\\u0435\\u0440\\u0430\\u0432\\u0435\\u043d\\u0441\\u0442\\u0432\"}}]"}},{"model":"admin.logentry","pk":31,"fields":{"action_time":"2023-09-26T21:38:11.216Z","user":1,"content_type":8,"object_id":"7","object_repr":"Уравнения 7","action_flag":1,"change_message":"[{\"added\": {}}, {\"added\": {\"name\": \"test\", \"object\": \"20\"}}]"}},{"model":"admin.logentry","pk":32,"fields":{"action_time":"2023-09-27T11:14:27.614Z","user":1,"content_type":9,"object_id":"1","object_repr":"1","action_flag":2,"change_message":"[{\"changed\": {\"fields\": [\"\\u041e\\u0442\\u0432\\u0435\\u0442\"]}}]"}},{"model":"admin.logentry","pk":33,"fields":{"action_time":"2023-09-27T11:14:34.449Z","user":1,"content_type":9,"object_id":"2","object_repr":"2","action_flag":2,"change_message":"[{\"changed\": {\"fields\": [\"\\u041e\\u0442\\u0432\\u0435\\u0442\"]}}]"}},{"model":"admin.logentry","pk":34,"fields":{"action_time":"2023-09-27T11:14:42.480Z","user":1,"content_type":9,"object_id":"3","object_repr":"3","action_flag":2,"change_message":"[{\"changed\": {\"fields\": [\"\\u041e\\u0442\\u0432\\u0435\\u0442\"]}}]"}},{"model":"admin.logentry","pk":35,"fields":{"action_time":"2023-09-27T11:14:51.206Z","user":1,"content_type":9,"object_id":"4","object_repr":"4","action_flag":2,"change_message":"[{\"changed\": {\"fields\": [\"\\u041e\\u0442\\u0432\\u0435\\u0442\"]}}]"}},{"model":"admin.logentry","pk":36,"fields":{"action_time":"2023-09-27T11:14:56.949Z","user":1,"content_type":9,"object_id":"5","object_repr":"5","action_flag":2,"change_message":"[{\"changed\": {\"fields\": [\"\\u041e\\u0442\\u0432\\u0435\\u0442\"]}}]"}},{"model":"admin.logentry","pk":37,"fields":{"action_time":"2023-09-27T11:15:03.088Z","user":1,"content_type":9,"object_id":"6","object_repr":"6","action_flag":2,"change_message":"[{\"changed\": {\"fields\": [\"\\u041e\\u0442\\u0432\\u0435\\u0442\"]}}]"}},{"model":"admin.logentry","pk":38,"fields":{"action_time":"2023-09-27T11:15:11.155Z","user":1,"content_type":9,"object_id":"7","object_repr":"7","action_flag":2,"change_message":"[{\"changed\": {\"fields\": [\"\\u041e\\u0442\\u0432\\u0435\\u0442\"]}}]"}},{"model":"admin.logentry","pk":39,"fields":{"action_time":"2023-09-27T11:15:20.882Z","user":1,"content_type":9,"object_id":"8","object_repr":"8","action_flag":2,"change_message":"[{\"changed\": {\"fields\": [\"\\u041e\\u0442\\u0432\\u0435\\u0442\"]}}]"}},{"model":"admin.logentry","pk":40,"fields":{"action_time":"2023-09-27T11:15:28.306Z","user":1,"content_type":9,"object_id":"9","object_repr":"9","action_flag":2,"change_message":"[{\"changed\": {\"fields\": [\"\\u041e\\u0442\\u0432\\u0435\\u0442\"]}}]"}},{"model":"admin.logentry","pk":41,"fields":{"action_time":"2023-09-27T11:15:36.747Z","user":1,"content_type":9,"object_id":"10","object_repr":"10","action_flag":2,"change_message":"[{\"changed\": {\"fields\": [\"\\u041e\\u0442\\u0432\\u0435\\u0442\"]}}]"}},{"model":"admin.logentry","pk":42,"fields":{"action_time":"2023-09-27T11:15:50.047Z","user":1,"content_type":9,"object_id":"20","object_repr":"20","action_flag":2,"change_message":"[{\"changed\": {\"fields\": [\"\\u041e\\u0442\\u0432\\u0435\\u0442\"]}}]"}},{"model":"admin.logentry","pk":43,"fields":{"action_time":"2023-09-27T11:21:08.455Z","user":1,"content_type":9,"object_id":"1","object_repr":"1","action_flag":2,"change_message":"[{\"changed\": {\"fields\": [\"\\u041e\\u0442\\u0432\\u0435\\u0442\"]}}]"}},{"model":"admin.logentry","pk":44,"fields":{"action_time":"2023-09-27T11:21:18.430Z","user":1,"content_type":9,"object_id":"2","object_repr":"2","action_flag":2,"change_message":"[{\"changed\": {\"fields\": [\"\\u041e\\u0442\\u0432\\u0435\\u0442\"]}}]"}},{"model":"admin.logentry","pk":45,"fields":{"action_time":"2023-09-27T11:21:27.463Z","user":1,"content_type":9,"object_id":"3","object_repr":"3","action_flag":2,"change_message":"[{\"changed\": {\"fields\": [\"\\u041e\\u0442\\u0432\\u0435\\u0442\"]}}]"}},{"model":"admin.logentry","pk":46,"fields":{"action_time":"2023-09-27T11:21:37.695Z","user":1,"content_type":9,"object_id":"4","object_repr":"4","action_flag":2,"change_message":"[{\"changed\": {\"fields\": [\"\\u041e\\u0442\\u0432\\u0435\\u0442\"]}}]"}},{"model":"admin.logentry","pk":47,"fields":{"action_time":"2023-09-27T11:21:48.350Z","user":1,"content_type":9,"object_id":"5","object_repr":"5","action_flag":2,"change_message":"[{\"changed\": {\"fields\": [\"\\u041e\\u0442\\u0432\\u0435\\u0442\"]}}]"}},{"model":"admin.logentry","pk":48,"fields":{"action_time":"2023-09-27T11:21:57.745Z","user":1,"content_type":9,"object_id":"6","object_repr":"6","action_flag":2,"change_message":"[{\"changed\": {\"fields\": [\"\\u041e\\u0442\\u0432\\u0435\\u0442\"]}}]"}},{"model":"admin.logentry","pk":49,"fields":{"action_time":"2023-09-27T11:22:02.290Z","user":1,"content_type":9,"object_id":"6","object_repr":"6","action_flag":2,"change_message":"[]"}},{"model":"admin.logentry","pk":50,"fields":{"action_time":"2023-09-27T11:22:11.658Z","user":1,"content_type":9,"object_id":"7","object_repr":"7","action_flag":2,"change_message":"[{\"changed\": {\"fields\": [\"\\u041e\\u0442\\u0432\\u0435\\u0442\"]}}]"}},{"model":"admin.logentry","pk":51,"fields":{"action_time":"2023-09-27T11:22:20.731Z","user":1,"content_type":9,"object_id":"8","object_repr":"8","action_flag":2,"change_message":"[{\"changed\": {\"fields\": [\"\\u041e\\u0442\\u0432\\u0435\\u0442\"]}}]"}},{"model":"admin.logentry","pk":52,"fields":{"action_time":"2023-09-27T11:22:29.561Z","user":1,"content_type":9,"object_id":"9","object_repr":"9","action_flag":2,"change_message":"[{\"changed\": {\"fields\": [\"\\u041e\\u0442\\u0432\\u0435\\u0442\"]}}]"}},{"model":"admin.logentry","pk":53,"fields":{"action_time":"2023-09-27T11:22:37.895Z","user":1,"content_type":9,"object_id":"10","object_repr":"10","action_flag":2,"change_message":"[{\"changed\": {\"fields\": [\"\\u041e\\u0442\\u0432\\u0435\\u0442\"]}}]"}},{"model":"admin.logentry","pk":54,"fields":{"action_time":"2023-09-27T11:23:01.422Z","user":1,"content_type":9,"object_id":"20","object_repr":"20","action_flag":2,"change_message":"[{\"changed\": {\"fields\": [\"\\u041e\\u0442\\u0432\\u0435\\u0442\"]}}]"}},{"model":"admin.logentry","pk":55,"fields":{"action_time":"2023-09-27T16:13:14.602Z","user":1,"content_type":8,"object_id":"1","object_repr":"План сельской местности 1","action_flag":2,"change_message":"[{\"changed\": {\"fields\": [\"Description\"]}}]"}},{"model":"admin.logentry","pk":56,"fields":{"action_time":"2023-09-27T21:43:13.730Z","user":1,"content_type":8,"object_id":"1","object_repr":"План сельской местности 1","action_flag":2,"change_message":"[{\"changed\": {\"name\": \"test\", \"object\": \"1\", \"fields\": [\"Problem text\"]}}]"}},{"model":"admin.logentry","pk":57,"fields":{"action_time":"2023-09-27T21:44:27.331Z","user":1,"content_type":8,"object_id":"1","object_repr":"План сельской местности 1","action_flag":2,"change_message":"[{\"changed\": {\"name\": \"test\", \"object\": \"1\", \"fields\": [\"Problem text\"]}}]"}},{"model":"admin.logentry","pk":58,"fields":{"action_time":"2023-09-27T21:52:15.019Z","user":1,"content_type":8,"object_id":"1","object_repr":"План сельской местности 1","action_flag":2,"change_message":"[{\"changed\": {\"name\": \"test\", \"object\": \"1\", \"fields\": [\"Problem text\"]}}]"}},{"model":"admin.logentry","pk":59,"fields":{"action_time":"2023-09-27T21:54:23.132Z","user":1,"content_type":8,"object_id":"1","object_repr":"План сельской местности 1","action_flag":2,"change_message":"[{\"changed\": {\"name\": \"test\", \"object\": \"1\", \"fields\": [\"Problem text\"]}}]"}},{"model":"admin.logentry","pk":60,"fields":{"action_time":"2023-09-27T22:08:09.887Z","user":1,"content_type":8,"object_id":"1","object_repr":"План сельской местности 1","action_flag":2,"change_message":"[{\"changed\": {\"name\": \"test\", \"object\": \"1\", \"fields\": [\"Problem text\"]}}]"}},{"model":"admin.logentry","pk":61,"fields":{"action_time":"2023-09-29T21:04:02.931Z","user":1,"content_type":12,"object_id":"1","object_repr":"1","action_flag":1,"change_message":"[{\"added\": {}}]"}},{"model":"admin.logentry","pk":62,"fields":{"action_time":"2023-09-29T21:04:07.147Z","user":1,"content_type":12,"object_id":"1","object_repr":"1","action_flag":2,"change_message":"[{\"changed\": {\"fields\": [\"Exercise\"]}}]"}},{"model":"admin.logentry","pk":63,"fields":{"action_time":"2023-09-29T21:04:11.092Z","user":1,"content_type":12,"object_id":"1","object_repr":"1","action_flag":2,"change_message":"[{\"changed\": {\"fields\": [\"Exercise\"]}}]"}},{"model":"admin.logentry","pk":64,"fields":{"action_time":"2023-09-29T21:04:25.195Z","user":1,"content_type":12,"object_id":"1","object_repr":"1","action_flag":2,"change_message":"[{\"changed\": {\"fields\": [\"Exercise\"]}}]"}},{"model":"admin.logentry","pk":65,"fields":{"action_time":"2023-10-01T14:33:27.547Z","user":1,"content_type":7,"object_id":"1","object_repr":"Первые пять номеров","action_flag":2,"change_message":"[{\"changed\": {\"fields\": [\"\\u041d\\u043e\\u043c\\u0435\\u0440\"]}}]"}},{"model":"admin.logentry","pk":66,"fields":{"action_time":"2023-10-01T14:45:49.715Z","user":1,"content_type":7,"object_id":"1","object_repr":"Первые пять номеров","action_flag":3,"change_message":""}},{"model":"admin.logentry","pk":67,"fields":{"action_time":"2023-10-01T14:45:49.794Z","user":1,"content_type":7,"object_id":"2","object_repr":"Числа и вычисления","action_flag":3,"change_message":""}},{"model":"admin.logentry","pk":68,"fields":{"action_time":"2023-10-01T14:45:49.805Z","user":1,"content_type":7,"object_id":"3","object_repr":"Числовые неравенства, координатная прямая","action_flag":3,"change_message":""}},{"model":"admin.logentry","pk":69,"fields":{"action_time":"2023-10-01T14:45:49.815Z","user":1,"content_type":7,"object_id":"4","object_repr":"Числа, вычисления и алгебраические выражения","action_flag":3,"change_message":""}},{"model":"admin.logentry","pk":70,"fields":{"action_time":"2023-10-01T14:45:49.825Z","user":1,"content_type":7,"object_id":"5","object_repr":"Уравнения, системы уравнений","action_flag":3,"change_message":""}},{"model":"admin.logentry","pk":71,"fields":{"action_time":"2023-10-01T14:45:49.835Z","user":1,"content_type":7,"object_id":"6","object_repr":"Статистика, вероятности","action_flag":3,"change_message":""}},{"model":"admin.logentry","pk":72,"fields":{"action_time":"2023-10-01T14:45:49.844Z","user":1,"content_type":7,"object_id":"7","object_repr":"Алгебраические выражения, уравнения, неравенства и их системы","action_flag":3,"change_message":""}},{"model":"admin.logentry","pk":73,"fields":{"action_time":"2023-10-01T14:46:36.332Z","user":1,"content_type":7,"object_id":"1","object_repr":"Первые пять номеров","action_flag":1,"change_message":"[{\"added\": {}}]"}},{"model":"admin.logentry","pk":74,"fields":{"action_time":"2023-10-01T14:46:50.203Z","user":1,"content_type":10,"object_id":"3","object_repr":"Листы","action_flag":2,"change_message":"[{\"changed\": {\"fields\": [\"\\u0422\\u0438\\u043f\"]}}]"}},{"model":"admin.logentry","pk":75,"fields":{"action_time":"2023-10-01T14:46:55.722Z","user":1,"content_type":10,"object_id":"2","object_repr":"Печи","action_flag":2,"change_message":"[{\"changed\": {\"fields\": [\"\\u0422\\u0438\\u043f\"]}}]"}},{"model":"admin.logentry","pk":76,"fields":{"action_time":"2023-10-01T14:47:05.527Z","user":1,"content_type":10,"object_id":"4","object_repr":"План жилья","action_flag":2,"change_message":"[{\"changed\": {\"fields\": [\"\\u0422\\u0438\\u043f\"]}}]"}},{"model":"admin.logentry","pk":77,"fields":{"action_time":"2023-10-01T14:47:12.854Z","user":1,"content_type":10,"object_id":"5","object_repr":"План сельской местности","action_flag":2,"change_message":"[{\"changed\": {\"fields\": [\"\\u0422\\u0438\\u043f\"]}}]"}},{"model":"admin.logentry","pk":78,"fields":{"action_time":"2023-10-01T14:47:26.408Z","user":1,"content_type":10,"object_id":"1","object_repr":"Шины","action_flag":2,"change_message":"[{\"changed\": {\"fields\": [\"\\u0422\\u0438\\u043f\"]}}]"}},{"model":"admin.logentry","pk":79,"fields":{"action_time":"2023-10-01T14:47:58.000Z","user":1,"content_type":7,"object_id":"6","object_repr":"Числа и вычисления","action_flag":1,"change_message":"[{\"added\": {}}]"}},{"model":"admin.logentry","pk":80,"fields":{"action_time":"2023-10-01T14:48:14.193Z","user":1,"content_type":10,"object_id":"6","object_repr":"Действия с обыкновенными дробями","action_flag":2,"change_message":"[{\"changed\": {\"fields\": [\"\\u0422\\u0438\\u043f\"]}}]"}},{"model":"admin.logentry","pk":81,"fields":{"action_time":"2023-10-01T14:48:21.199Z","user":1,"content_type":10,"object_id":"7","object_repr":"Действия с десятичными дробями","action_flag":2,"change_message":"[{\"changed\": {\"fields\": [\"\\u0422\\u0438\\u043f\"]}}]"}},{"model":"admin.logentry","pk":82,"fields":{"action_time":"2023-10-01T14:48:26.521Z","user":1,"content_type":10,"object_id":"8","object_repr":"Действия с обыкновенными и десятичными дробями","action_flag":2,"change_message":"[{\"changed\": {\"fields\": [\"\\u0422\\u0438\\u043f\"]}}]"}},{"model":"admin.logentry","pk":83,"fields":{"action_time":"2023-10-01T14:48:39.776Z","user":1,"content_type":10,"object_id":"9","object_repr":"Степени","action_flag":2,"change_message":"[{\"changed\": {\"fields\": [\"\\u0422\\u0438\\u043f\"]}}]"}},{"model":"admin.logentry","pk":84,"fields":{"action_time":"2023-10-01T14:49:20.183Z","user":1,"content_type":7,"object_id":"7","object_repr":"Числовые неравенства, координатная прямая","action_flag":1,"change_message":"[{\"added\": {}}]"}},{"model":"admin.logentry","pk":85,"fields":{"action_time":"2023-10-01T14:49:49.418Z","user":1,"content_type":10,"object_id":"13","object_repr":"Выбор верного или неверного утверждения","action_flag":2,"change_message":"[{\"changed\": {\"fields\": [\"\\u0422\\u0438\\u043f\"]}}]"}},{"model":"admin.logentry","pk":86,"fields":{"action_time":"2023-10-01T14:50:05.468Z","user":1,"content_type":10,"object_id":"10","object_repr":"Неравенства","action_flag":2,"change_message":"[{\"changed\": {\"fields\": [\"\\u0422\\u0438\\u043f\"]}}]"}},{"model":"admin.logentry","pk":87,"fields":{"action_time":"2023-10-01T14:50:17.830Z","user":1,"content_type":10,"object_id":"11","object_repr":"Сравнение чисел","action_flag":2,"change_message":"[{\"changed\": {\"fields\": [\"\\u0422\\u0438\\u043f\"]}}]"}},{"model":"admin.logentry","pk":88,"fields":{"action_time":"2023-10-01T14:50:26.682Z","user":1,"content_type":10,"object_id":"12","object_repr":"Числа на прямой","action_flag":2,"change_message":"[{\"changed\": {\"fields\": [\"\\u0422\\u0438\\u043f\"]}}]"}},{"model":"admin.logentry","pk":89,"fields":{"action_time":"2023-10-01T14:50:53.739Z","user":1,"content_type":7,"object_id":"8","object_repr":"Числа, вычисления и алгебраические выражения","action_flag":1,"change_message":"[{\"added\": {}}]"}},{"model":"admin.logentry","pk":90,"fields":{"action_time":"2023-10-01T14:51:13.407Z","user":1,"content_type":10,"object_id":"15","object_repr":"Рациональные алгебраические выражения","action_flag":2,"change_message":"[{\"changed\": {\"fields\": [\"\\u0422\\u0438\\u043f\"]}}]"}},{"model":"admin.logentry","pk":91,"fields":{"action_time":"2023-10-01T14:51:24.603Z","user":1,"content_type":10,"object_id":"16","object_repr":"Степени и корни","action_flag":2,"change_message":"[{\"changed\": {\"fields\": [\"\\u0422\\u0438\\u043f\"]}}]"}},{"model":"admin.logentry","pk":92,"fields":{"action_time":"2023-10-01T14:51:37.284Z","user":1,"content_type":10,"object_id":"14","object_repr":"Целые алгебраические выражения","action_flag":2,"change_message":"[{\"changed\": {\"fields\": [\"\\u0422\\u0438\\u043f\"]}}]"}},{"model":"admin.logentry","pk":93,"fields":{"action_time":"2023-10-01T14:52:10.235Z","user":1,"content_type":7,"object_id":"9","object_repr":"Уравнения, системы уравнений","action_flag":1,"change_message":"[{\"added\": {}}]"}},{"model":"admin.logentry","pk":94,"fields":{"action_time":"2023-10-01T14:52:26.373Z","user":1,"content_type":10,"object_id":"18","object_repr":"Квадратные уравнения","action_flag":2,"change_message":"[{\"changed\": {\"fields\": [\"\\u0422\\u0438\\u043f\"]}}]"}},{"model":"admin.logentry","pk":95,"fields":{"action_time":"2023-10-01T14:52:32.413Z","user":1,"content_type":10,"object_id":"17","object_repr":"Линейные уравнения","action_flag":2,"change_message":"[{\"changed\": {\"fields\": [\"\\u0422\\u0438\\u043f\"]}}]"}},{"model":"admin.logentry","pk":96,"fields":{"action_time":"2023-10-01T14:52:39.253Z","user":1,"content_type":10,"object_id":"19","object_repr":"Рациональные уравнения","action_flag":2,"change_message":"[{\"changed\": {\"fields\": [\"\\u0422\\u0438\\u043f\"]}}]"}},{"model":"admin.logentry","pk":97,"fields":{"action_time":"2023-10-01T14:52:48.646Z","user":1,"content_type":10,"object_id":"20","object_repr":"Системы уравнений","action_flag":2,"change_message":"[{\"changed\": {\"fields\": [\"\\u0422\\u0438\\u043f\"]}}]"}},{"model":"admin.logentry","pk":98,"fields":{"action_time":"2023-10-01T14:53:24.049Z","user":1,"content_type":7,"object_id":"10","object_repr":"Статистика, вероятности","action_flag":1,"change_message":"[{\"added\": {}}]"}},{"model":"admin.logentry","pk":99,"fields":{"action_time":"2023-10-01T14:53:38.972Z","user":1,"content_type":10,"object_id":"21","object_repr":"Классические вероятности","action_flag":2,"change_message":"[{\"changed\": {\"fields\": [\"\\u0422\\u0438\\u043f\"]}}]"}},{"model":"admin.logentry","pk":100,"fields":{"action_time":"2023-10-01T14:53:51.908Z","user":1,"content_type":10,"object_id":"22","object_repr":"Статистика, теоремы о вероятностях событий","action_flag":2,"change_message":"[{\"changed\": {\"fields\": [\"\\u0422\\u0438\\u043f\"]}}]"}},{"model":"admin.logentry","pk":101,"fields":{"action_time":"2023-10-01T14:54:38.940Z","user":1,"content_type":7,"object_id":"20","object_repr":"Алгебраические выражения, уравнения, неравенства и их системы","action_flag":1,"change_message":"[{\"added\": {}}]"}},{"model":"admin.logentry","pk":102,"fields":{"action_time":"2023-10-01T14:54:51.657Z","user":1,"content_type":10,"object_id":"23","object_repr":"Алгебраические выражения","action_flag":2,"change_message":"[{\"changed\": {\"fields\": [\"\\u0422\\u0438\\u043f\"]}}]"}},{"model":"admin.logentry","pk":103,"fields":{"action_time":"2023-10-01T14:55:04.883Z","user":1,"content_type":10,"object_id":"25","object_repr":"Неравенства","action_flag":2,"change_message":"[{\"changed\": {\"fields\": [\"\\u0422\\u0438\\u043f\", \"\\u0412\\u0438\\u0434\"]}}]"}},{"model":"admin.logentry","pk":104,"fields":{"action_time":"2023-10-01T14:55:18.931Z","user":1,"content_type":10,"object_id":"27","object_repr":"Системы неравенств","action_flag":2,"change_message":"[{\"changed\": {\"fields\": [\"\\u0422\\u0438\\u043f\"]}}]"}},{"model":"admin.logentry","pk":105,"fields":{"action_time":"2023-10-01T14:55:32.970Z","user":1,"content_type":10,"object_id":"26","object_repr":"Системы уравнений","action_flag":2,"change_message":"[{\"changed\": {\"fields\": [\"\\u0422\\u0438\\u043f\", \"\\u0412\\u0438\\u0434\"]}}]"}},{"model":"admin.logentry","pk":106,"fields":{"action_time":"2023-10-01T14:55:40.841Z","user":1,"content_type":10,"object_id":"24","object_repr":"Уравнения","action_flag":2,"change_message":"[{\"changed\": {\"fields\": [\"\\u0422\\u0438\\u043f\"]}}]"}},{"model":"admin.logentry","pk":107,"fields":{"action_time":"2023-10-01T20:27:45.109Z","user":1,"content_type":8,"object_id":"2","object_repr":"Числа на прямой 2","action_flag":2,"change_message":"[{\"changed\": {\"fields\": [\"\\u0418\\u0441\\u0442\\u043e\\u0447\\u043d\\u0438\\u043a\"]}}]"}},{"model":"admin.logentry","pk":108,"fields":{"action_time":"2023-10-01T20:28:05.194Z","user":1,"content_type":8,"object_id":"1","object_repr":"План сельской местности 1","action_flag":2,"change_message":"[{\"changed\": {\"fields\": [\"\\u0418\\u0441\\u0442\\u043e\\u0447\\u043d\\u0438\\u043a\"]}}]"}},{"model":"admin.logentry","pk":109,"fields":{"action_time":"2023-10-01T20:28:18.691Z","user":1,"content_type":8,"object_id":"3","object_repr":"Действия с обыкновенными дробями 3","action_flag":2,"change_message":"[{\"changed\": {\"fields\": [\"\\u0418\\u0441\\u0442\\u043e\\u0447\\u043d\\u0438\\u043a\"]}}]"}},{"model":"admin.logentry","pk":110,"fields":{"action_time":"2023-10-01T20:40:46.287Z","user":1,"content_type":7,"object_id":"11","object_repr":"Графики функций","action_flag":1,"change_message":"[{\"added\": {}}, {\"added\": {\"name\": \"subcategory\", \"object\": \"\\u0427\\u0442\\u0435\\u043d\\u0438\\u0435 \\u0433\\u0440\\u0430\\u0444\\u0438\\u043a\\u043e\\u0432 \\u0444\\u0443\\u043d\\u043a\\u0446\\u0438\\u0439\"}}, {\"added\": {\"name\": \"subcategory\", \"object\": \"\\u0420\\u0430\\u0441\\u0442\\u044f\\u0436\\u0435\\u043d\\u0438\\u044f \\u0438 \\u0441\\u0434\\u0432\\u0438\\u0433\\u0438\"}}]"}},{"model":"admin.logentry","pk":111,"fields":{"action_time":"2023-10-01T20:41:41.817Z","user":1,"content_type":7,"object_id":"12","object_repr":"Расчеты по формулам","action_flag":1,"change_message":"[{\"added\": {}}, {\"added\": {\"name\": \"subcategory\", \"object\": \"\\u0412\\u044b\\u0447\\u0438\\u0441\\u043b\\u0435\\u043d\\u0438\\u0435 \\u043f\\u043e \\u0444\\u043e\\u0440\\u043c\\u0443\\u043b\\u0435\"}}, {\"added\": {\"name\": \"subcategory\", \"object\": \"\\u041b\\u0438\\u043d\\u0435\\u0439\\u043d\\u044b\\u0435 \\u0443\\u0440\\u0430\\u0432\\u043d\\u0435\\u043d\\u0438\\u044f\"}}, {\"added\": {\"name\": \"subcategory\", \"object\": \"\\u0420\\u0430\\u0437\\u043d\\u044b\\u0435 \\u0437\\u0430\\u0434\\u0430\\u0447\\u0438\"}}]"}},{"model":"admin.logentry","pk":112,"fields":{"action_time":"2023-10-01T20:44:00.840Z","user":1,"content_type":7,"object_id":"12","object_repr":"Расчеты по формулам","action_flag":2,"change_message":"[{\"changed\": {\"fields\": [\"\\u041d\\u043e\\u043c\\u0435\\u0440\"]}}, {\"added\": {\"name\": \"subcategory\", \"object\": \"\\u041b\\u0438\\u043d\\u0435\\u0439\\u043d\\u044b\\u0435 \\u0443\\u0440\\u0430\\u0432\\u043d\\u0435\\u043d\\u0438\\u044f \\u0432 \\u0442\\u0435\\u043a\\u0441\\u0442\\u043e\\u0432\\u044b\\u0445 \\u0437\\u0430\\u0434\\u0430\\u0447\\u0430\\u0445\"}}, {\"deleted\": {\"name\": \"subcategory\", \"object\": \"\\u041b\\u0438\\u043d\\u0435\\u0439\\u043d\\u044b\\u0435 \\u0443\\u0440\\u0430\\u0432\\u043d\\u0435\\u043d\\u0438\\u044f \\u0432 \\u0442\\u0435\\u043a\\u0441\\u0442\\u043e\\u0432\\u044b\\u0445 \\u0437\\u0430\\u0434\\u0430\\u0447\\u0430\\u0445\"}}]"}},{"model":"admin.logentry","pk":113,"fields":{"action_time":"2023-10-01T20:45:21.917Z","user":1,"content_type":8,"object_id":"8","object_repr":"Разные задачи 8","action_flag":1,"change_message":"[{\"added\": {}}, {\"added\": {\"name\": \"test\", \"object\": \"21\"}}, {\"added\": {\"name\": \"answer\", \"object\": \"Answer object (1)\"}}]"}},{"model":"admin.logentry","pk":114,"fields":{"action_time":"2023-10-01T20:47:00.170Z","user":1,"content_type":7,"object_id":"13","object_repr":"Не­ра­вен­ства, системы неравенств","action_flag":1,"change_message":"[{\"added\": {}}, {\"added\": {\"name\": \"subcategory\", \"object\": \"\\u041b\\u0438\\u043d\\u0435\\u0439\\u043d\\u044b\\u0435 \\u043d\\u0435\\u0440\\u0430\\u0432\\u0435\\u043d\\u0441\\u0442\\u0432\\u0430\"}}, {\"added\": {\"name\": \"subcategory\", \"object\": \"\\u041a\\u0432\\u0430\\u0434\\u0440\\u0430\\u0442\\u043d\\u044b\\u0435 \\u043d\\u0435\\u0440\\u0430\\u0432\\u0435\\u043d\\u0441\\u0442\\u0432\\u0430\"}}, {\"added\": {\"name\": \"subcategory\", \"object\": \"\\u0420\\u0430\\u0446\\u0438\\u043e\\u043d\\u0430\\u043b\\u044c\\u043d\\u044b\\u0435 \\u043d\\u0435\\u0440\\u0430\\u0432\\u0435\\u043d\\u0441\\u0442\\u0432\\u0430\"}}, {\"added\": {\"name\": \"subcategory\", \"object\": \"\\u0421\\u0438\\u0441\\u0442\\u0435\\u043c\\u044b \\u043d\\u0435\\u0440\\u0430\\u0432\\u0435\\u043d\\u0441\\u0442\\u0432\"}}]"}},{"model":"admin.logentry","pk":115,"fields":{"action_time":"2023-10-01T20:47:14.133Z","user":1,"content_type":7,"object_id":"20","object_repr":"Алгебраические выражения, уравнения, неравенства и их системы","action_flag":2,"change_message":"[{\"changed\": {\"fields\": [\"\\u041d\\u043e\\u043c\\u0435\\u0440\"]}}, {\"changed\": {\"name\": \"subcategory\", \"object\": \"\\u0421\\u0438\\u0441\\u0442\\u0435\\u043c\\u044b \\u043d\\u0435\\u0440\\u0430\\u0432\\u0435\\u043d\\u0441\\u0442\\u0432\", \"fields\": [\"Slug\"]}}]"}},{"model":"admin.logentry","pk":116,"fields":{"action_time":"2023-10-01T20:47:22.682Z","user":1,"content_type":7,"object_id":"13","object_repr":"Не­ра­вен­ства, системы неравенств","action_flag":2,"change_message":"[{\"changed\": {\"fields\": [\"\\u041d\\u043e\\u043c\\u0435\\u0440\"]}}, {\"changed\": {\"name\": \"subcategory\", \"object\": \"\\u0421\\u0438\\u0441\\u0442\\u0435\\u043c\\u044b \\u043d\\u0435\\u0440\\u0430\\u0432\\u0435\\u043d\\u0441\\u0442\\u0432\", \"fields\": [\"Slug\"]}}]"}},{"model":"admin.logentry","pk":117,"fields":{"action_time":"2023-10-01T20:52:34.172Z","user":1,"content_type":8,"object_id":"9","object_repr":"Системы неравенств 9","action_flag":1,"change_message":"[{\"added\": {}}, {\"added\": {\"name\": \"test\", \"object\": \"22\"}}, {\"added\": {\"name\": \"answer\", \"object\": \"Answer object (2)\"}}]"}},{"model":"admin.logentry","pk":118,"fields":{"action_time":"2023-10-01T20:53:24.244Z","user":1,"content_type":7,"object_id":"14","object_repr":"Задачи на прогрессии","action_flag":1,"change_message":"[{\"added\": {}}, {\"added\": {\"name\": \"subcategory\", \"object\": \"14 \\u0417\\u0430\\u0434\\u0430\\u0447\\u0438 \\u0424\\u0418\\u041f\\u0418\"}}, {\"added\": {\"name\": \"subcategory\", \"object\": \"14 \\u0410\\u0440\\u0438\\u0444\\u043c\\u0435\\u0442\\u0438\\u0447\\u0435\\u0441\\u043a\\u0430\\u044f \\u043f\\u0440\\u043e\\u0433\\u0440\\u0435\\u0441\\u0441\\u0438\\u044f\"}}, {\"added\": {\"name\": \"subcategory\", \"object\": \"14 \\u0413\\u0435\\u043e\\u043c\\u0435\\u0442\\u0440\\u0438\\u0447\\u0435\\u0441\\u043a\\u0430\\u044f \\u043f\\u0440\\u043e\\u0433\\u0440\\u0435\\u0441\\u0441\\u0438\\u044f\"}}]"}},{"model":"admin.logentry","pk":119,"fields":{"action_time":"2023-10-01T20:54:10.749Z","user":1,"content_type":8,"object_id":"10","object_repr":"Арифметическая прогрессия 10","action_flag":1,"change_message":"[{\"added\": {}}, {\"added\": {\"name\": \"test\", \"object\": \"23\"}}, {\"added\": {\"name\": \"answer\", \"object\": \"Answer object (3)\"}}]"}},{"model":"admin.logentry","pk":120,"fields":{"action_time":"2023-10-01T20:55:37.464Z","user":1,"content_type":7,"object_id":"15","object_repr":"Треугольники, четырёхугольники, многоугольники и их элементы","action_flag":1,"change_message":"[{\"added\": {}}, {\"added\": {\"name\": \"subcategory\", \"object\": \"15 \\u0423\\u0433\\u043b\\u044b\"}}, {\"added\": {\"name\": \"subcategory\", \"object\": \"15 \\u0422\\u0440\\u0435\\u0443\\u0433\\u043e\\u043b\\u044c\\u043d\\u0438\\u043a\\u0438 \\u043e\\u0431\\u0449\\u0435\\u0433\\u043e \\u0432\\u0438\\u0434\\u0430\"}}, {\"added\": {\"name\": \"subcategory\", \"object\": \"15 \\u0420\\u0430\\u0432\\u043d\\u043e\\u0431\\u0435\\u0434\\u0440\\u0435\\u043d\\u043d\\u044b\\u0435 \\u0442\\u0440\\u0435\\u0443\\u0433\\u043e\\u043b\\u044c\\u043d\\u0438\\u043a\\u0438\"}}, {\"added\": {\"name\": \"subcategory\", \"object\": \"15 \\u041f\\u0440\\u044f\\u043c\\u043e\\u0443\\u0433\\u043e\\u043b\\u044c\\u043d\\u044b\\u0439 \\u0442\\u0440\\u0435\\u0443\\u0433\\u043e\\u043b\\u044c\\u043d\\u0438\\u043a\"}}, {\"added\": {\"name\": \"subcategory\", \"object\": \"15 \\u041f\\u0430\\u0440\\u0430\\u043b\\u043b\\u0435\\u043b\\u043e\\u0433\\u0440\\u0430\\u043c\\u043c\"}}, {\"added\": {\"name\": \"subcategory\", \"object\": \"15 \\u0420\\u043e\\u043c\\u0431\"}}, {\"added\": {\"name\": \"subcategory\", \"object\": \"15 \\u0422\\u0440\\u0430\\u043f\\u0435\\u0446\\u0438\\u044f\"}}, {\"added\": {\"name\": \"subcategory\", \"object\": \"15 \\u041c\\u043d\\u043e\\u0433\\u043e\\u0443\\u0433\\u043e\\u043b\\u044c\\u043d\\u0438\\u043a\\u0438\"}}]"}},{"model":"admin.logentry","pk":121,"fields":{"action_time":"2023-10-01T20:58:11.489Z","user":1,"content_type":8,"object_id":"11","object_repr":"Трапеция 11","action_flag":1,"change_message":"[{\"added\": {}}, {\"added\": {\"name\": \"test\", \"object\": \"24\"}}, {\"added\": {\"name\": \"answer\", \"object\": \"Answer object (4)\"}}]"}},{"model":"admin.logentry","pk":122,"fields":{"action_time":"2023-10-01T20:59:12.514Z","user":1,"content_type":7,"object_id":"16","object_repr":"Окружность, круг и их элементы","action_flag":1,"change_message":"[{\"added\": {}}, {\"added\": {\"name\": \"subcategory\", \"object\": \"16 \\u0426\\u0435\\u043d\\u0442\\u0440\\u0430\\u043b\\u044c\\u043d\\u044b\\u0435 \\u0438 \\u0432\\u043f\\u0438\\u00ad\\u0441\\u0430\\u043d\\u00ad\\u043d\\u044b\\u0435 \\u0443\\u0433\\u043b\\u044b\"}}, {\"added\": {\"name\": \"subcategory\", \"object\": \"16 \\u041a\\u0430\\u0441\\u0430\\u0442\\u0435\\u043b\\u044c\\u043d\\u0430\\u044f, \\u0445\\u043e\\u0440\\u0434\\u0430, \\u0441\\u0435\\u043a\\u0443\\u0449\\u0430\\u044f, \\u0440\\u0430\\u0434\\u0438\\u0443\\u0441\"}}, {\"added\": {\"name\": \"subcategory\", \"object\": \"16 \\u041e\\u043a\\u0440\\u0443\\u0436\\u043d\\u043e\\u0441\\u0442\\u044c, \\u043e\\u043f\\u0438\\u0441\\u0430\\u043d\\u043d\\u0430\\u044f \\u0432\\u043e\\u043a\\u0440\\u0443\\u0433 \\u043c\\u043d\\u043e\\u0433\\u043e\\u0443\\u0433\\u043e\\u043b\\u044c\\u043d\\u0438\\u043a\\u0430\"}}]"}},{"model":"admin.logentry","pk":123,"fields":{"action_time":"2023-10-01T21:04:32.052Z","user":1,"content_type":8,"object_id":"12","object_repr":"Касательная, хорда, секущая, радиус 12","action_flag":1,"change_message":"[{\"added\": {}}, {\"added\": {\"name\": \"test\", \"object\": \"25\"}}, {\"added\": {\"name\": \"answer\", \"object\": \"Answer object (5)\"}}]"}},{"model":"admin.logentry","pk":124,"fields":{"action_time":"2023-10-01T21:07:21.333Z","user":1,"content_type":7,"object_id":"17","object_repr":"Площади фигур","action_flag":1,"change_message":"[{\"added\": {}}, {\"added\": {\"name\": \"subcategory\", \"object\": \"17 \\u041a\\u0432\\u0430\\u0434\\u0440\\u0430\\u0442\"}}, {\"added\": {\"name\": \"subcategory\", \"object\": \"17 \\u041f\\u0440\\u044f\\u043c\\u043e\\u0443\\u0433\\u043e\\u043b\\u044c\\u043d\\u0438\\u043a\"}}, {\"added\": {\"name\": \"subcategory\", \"object\": \"17 \\u041f\\u0430\\u0440\\u0430\\u043b\\u043b\\u0435\\u043b\\u043e\\u0433\\u0440\\u0430\\u043c\\u043c\"}}, {\"added\": {\"name\": \"subcategory\", \"object\": \"17 \\u0422\\u0440\\u0435\\u0443\\u0433\\u043e\\u043b\\u044c\\u043d\\u0438\\u043a\\u0438 \\u043e\\u0431\\u0449\\u0435\\u0433\\u043e \\u0432\\u0438\\u0434\\u0430\"}}, {\"added\": {\"name\": \"subcategory\", \"object\": \"17 \\u0420\\u0430\\u0432\\u043d\\u043e\\u0431\\u0435\\u0434\\u0440\\u0435\\u043d\\u043d\\u044b\\u0439 \\u0442\\u0440\\u0435\\u0443\\u0433\\u043e\\u043b\\u044c\\u043d\\u0438\\u043a\"}}, {\"added\": {\"name\": \"subcategory\", \"object\": \"17 \\u041f\\u043b\\u043e\\u0449\\u0430\\u0434\\u044c \\u043a\\u0440\\u0443\\u0433\\u0430 \\u0438 \\u0435\\u0433\\u043e \\u0447\\u0430\\u0441\\u0442\\u0435\\u0439\"}}, {\"added\": {\"name\": \"subcategory\", \"object\": \"17 \\u041f\\u043b\\u043e\\u0449\\u0430\\u0434\\u044c \\u0442\\u0440\\u0430\\u043f\\u0435\\u0446\\u0438\\u0438\"}}]"}},{"model":"admin.logentry","pk":125,"fields":{"action_time":"2023-10-01T21:08:51.798Z","user":1,"content_type":7,"object_id":"17","object_repr":"Площади фигур","action_flag":2,"change_message":"[{\"changed\": {\"fields\": [\"\\u041d\\u043e\\u043c\\u0435\\u0440\"]}}, {\"added\": {\"name\": \"subcategory\", \"object\": \"17 \\u041f\\u043b\\u043e\\u0449\\u0430\\u0434\\u044c \\u043f\\u0430\\u0440\\u0430\\u043b\\u043b\\u0435\\u043b\\u043e\\u0433\\u0440\\u0430\\u043c\\u043c\\u0430\"}}, {\"deleted\": {\"name\": \"subcategory\", \"object\": \"17 \\u041a\\u0432\\u0430\\u0434\\u0440\\u0430\\u0442\"}}, {\"deleted\": {\"name\": \"subcategory\", \"object\": \"17 \\u041f\\u0440\\u044f\\u043c\\u043e\\u0443\\u0433\\u043e\\u043b\\u044c\\u043d\\u0438\\u043a\"}}, {\"deleted\": {\"name\": \"subcategory\", \"object\": \"17 \\u041f\\u043b\\u043e\\u0449\\u0430\\u0434\\u044c \\u043f\\u0430\\u0440\\u0430\\u043b\\u043b\\u0435\\u043b\\u043e\\u0433\\u0440\\u0430\\u043c\\u043c\\u0430\"}}, {\"deleted\": {\"name\": \"subcategory\", \"object\": \"17 \\u0422\\u0440\\u0435\\u0443\\u0433\\u043e\\u043b\\u044c\\u043d\\u0438\\u043a\\u0438 \\u043e\\u0431\\u0449\\u0435\\u0433\\u043e \\u0432\\u0438\\u0434\\u0430\"}}, {\"deleted\": {\"name\": \"subcategory\", \"object\": \"17 \\u0420\\u0430\\u0432\\u043d\\u043e\\u0431\\u0435\\u0434\\u0440\\u0435\\u043d\\u043d\\u044b\\u0439 \\u0442\\u0440\\u0435\\u0443\\u0433\\u043e\\u043b\\u044c\\u043d\\u0438\\u043a\"}}]"}},{"model":"admin.logentry","pk":126,"fields":{"action_time":"2023-10-01T21:10:33.981Z","user":1,"content_type":7,"object_id":"17","object_repr":"Площади фигур","action_flag":2,"change_message":"[{\"changed\": {\"fields\": [\"\\u041d\\u043e\\u043c\\u0435\\u0440\"]}}, {\"added\": {\"name\": \"subcategory\", \"object\": \"17 \\u041f\\u043b\\u043e\\u0449\\u0430\\u0434\\u044c \\u043a\\u0432\\u0430\\u0434\\u0440\\u0430\\u0442\\u0430\"}}, {\"added\": {\"name\": \"subcategory\", \"object\": \"17 \\u041f\\u043b\\u043e\\u0449\\u0430\\u0434\\u044c \\u043f\\u0440\\u044f\\u043c\\u043e\\u0443\\u0433\\u043e\\u043b\\u044c\\u043d\\u0438\\u043a\\u0430\"}}, {\"added\": {\"name\": \"subcategory\", \"object\": \"17 \\u041f\\u043b\\u043e\\u0449\\u0430\\u0434\\u044c \\u0442\\u0440\\u0435\\u0443\\u0433\\u043e\\u043b\\u044c\\u043d\\u0438\\u043a\\u0430 \\u043e\\u0431\\u0449\\u0435\\u0433\\u043e \\u0432\\u0438\\u0434\\u0430\"}}, {\"added\": {\"name\": \"subcategory\", \"object\": \"17 \\u041f\\u043b\\u043e\\u0449\\u0430\\u0434\\u044c \\u043f\\u0440\\u044f\\u043c\\u043e\\u0443\\u0433\\u043e\\u043b\\u044c\\u043d\\u043e\\u0433\\u043e \\u0442\\u0440\\u0435\\u0443\\u0433\\u043e\\u043b\\u044c\\u043d\\u0438\\u043a\\u0430\"}}, {\"added\": {\"name\": \"subcategory\", \"object\": \"17 \\u041f\\u043b\\u043e\\u0449\\u0430\\u0434\\u044c \\u0440\\u0430\\u0432\\u043d\\u043e\\u0431\\u0435\\u0434\\u0440\\u0435\\u043d\\u043d\\u043e\\u0433\\u043e \\u0442\\u0440\\u0435\\u0443\\u0433\\u043e\\u043b\\u044c\\u043d\\u0438\\u043a\\u0430\"}}]"}},{"model":"admin.logentry","pk":127,"fields":{"action_time":"2023-10-01T21:11:16.177Z","user":1,"content_type":8,"object_id":"13","object_repr":"Площадь квадрата 13","action_flag":1,"change_message":"[{\"added\": {}}, {\"added\": {\"name\": \"test\", \"object\": \"26\"}}, {\"added\": {\"name\": \"answer\", \"object\": \"Answer object (6)\"}}]"}},{"model":"admin.logentry","pk":128,"fields":{"action_time":"2023-10-01T21:13:29.757Z","user":1,"content_type":7,"object_id":"18","object_repr":"Фигуры на квадратной решётке","action_flag":1,"change_message":"[{\"added\": {}}, {\"added\": {\"name\": \"subcategory\", \"object\": \"18 \\u0423\\u0433\\u043b\\u044b\"}}, {\"added\": {\"name\": \"subcategory\", \"object\": \"18 \\u0420\\u0430\\u0441\\u0441\\u0442\\u043e\\u044f\\u043d\\u0438\\u0435 \\u043e\\u0442 \\u0442\\u043e\\u0447\\u043a\\u0438 \\u0434\\u043e \\u043f\\u0440\\u044f\\u043c\\u043e\\u0439\"}}, {\"added\": {\"name\": \"subcategory\", \"object\": \"18 \\u0422\\u0440\\u0435\\u0443\\u0433\\u043e\\u043b\\u044c\\u043d\\u0438\\u043a\\u0438 \\u043e\\u0431\\u0449\\u0435\\u0433\\u043e \\u0432\\u0438\\u0434\\u0430\"}}, {\"added\": {\"name\": \"subcategory\", \"object\": \"18 \\u041f\\u0440\\u044f\\u043c\\u043e\\u0443\\u0433\\u043e\\u043b\\u044c\\u043d\\u044b\\u0439 \\u0442\\u0440\\u0435\\u0443\\u0433\\u043e\\u043b\\u044c\\u043d\\u0438\\u043a\"}}, {\"added\": {\"name\": \"subcategory\", \"object\": \"18 \\u041f\\u0430\\u0440\\u0430\\u043b\\u043b\\u0435\\u043b\\u043e\\u0433\\u0440\\u0430\\u043c\\u043c\"}}, {\"added\": {\"name\": \"subcategory\", \"object\": \"18 \\u0420\\u043e\\u043c\\u0431\"}}, {\"added\": {\"name\": \"subcategory\", \"object\": \"18 \\u0422\\u0440\\u0430\\u043f\\u0435\\u0446\\u0438\\u044f\"}}, {\"added\": {\"name\": \"subcategory\", \"object\": \"18 \\u041c\\u043d\\u043e\\u0433\\u043e\\u0443\\u0433\\u043e\\u043b\\u044c\\u043d\\u0438\\u043a\\u0438\"}}]"}},{"model":"admin.logentry","pk":129,"fields":{"action_time":"2023-10-01T21:16:05.689Z","user":1,"content_type":7,"object_id":"18","object_repr":"Фигуры на квадратной решётке","action_flag":3,"change_message":""}},{"model":"admin.logentry","pk":130,"fields":{"action_time":"2023-10-01T21:18:27.850Z","user":1,"content_type":7,"object_id":"18","object_repr":"Фигуры на квадратной решётке","action_flag":1,"change_message":"[{\"added\": {}}, {\"added\": {\"name\": \"subcategory\", \"object\": \"18 \\u0423\\u0433\\u043b\\u044b \\u043d\\u0430 \\u043a\\u0432\\u0430\\u0434\\u0440\\u0430\\u0442\\u043d\\u043e\\u0439 \\u0440\\u0435\\u0448\\u0435\\u0442\\u043a\\u0435\"}}, {\"added\": {\"name\": \"subcategory\", \"object\": \"18 \\u0420\\u0430\\u0441\\u0441\\u0442\\u043e\\u044f\\u043d\\u0438\\u0435 \\u043e\\u0442 \\u0442\\u043e\\u0447\\u043a\\u0438 \\u0434\\u043e \\u043f\\u0440\\u044f\\u043c\\u043e\\u0439 \\u043d\\u0430 \\u043a\\u0432\\u0430\\u0434\\u0440\\u0430\\u0442\\u043d\\u043e\\u0439 \\u0440\\u0435\\u0448\\u0435\\u0442\\u043a\\u0435\"}}, {\"added\": {\"name\": \"subcategory\", \"object\": \"18 \\u0422\\u0440\\u0435\\u0443\\u0433\\u043e\\u043b\\u044c\\u043d\\u0438\\u043a\\u0438 \\u043e\\u0431\\u0449\\u0435\\u0433\\u043e \\u0432\\u0438\\u0434\\u0430 \\u043d\\u0430 \\u043a\\u0432\\u0430\\u0434\\u0440\\u0430\\u0442\\u043d\\u043e\\u0439 \\u0440\\u0435\\u0448\\u0435\\u0442\\u043a\\u0435\"}}, {\"added\": {\"name\": \"subcategory\", \"object\": \"18 \\u041f\\u0440\\u044f\\u043c\\u043e\\u0443\\u0433\\u043e\\u043b\\u044c\\u043d\\u044b\\u0439 \\u0442\\u0440\\u0435\\u0443\\u0433\\u043e\\u043b\\u044c\\u043d\\u0438\\u043a \\u043d\\u0430 \\u043a\\u0432\\u0430\\u0434\\u0440\\u0430\\u0442\\u043d\\u043e\\u0439 \\u0440\\u0435\\u0448\\u0435\\u0442\\u043a\\u0435\"}}, {\"added\": {\"name\": \"subcategory\", \"object\": \"18 \\u041f\\u0430\\u0440\\u0430\\u043b\\u043b\\u0435\\u043b\\u043e\\u0433\\u0440\\u0430\\u043c\\u043c \\u043d\\u0430 \\u043a\\u0432\\u0430\\u0434\\u0440\\u0430\\u0442\\u043d\\u043e\\u0439 \\u0440\\u0435\\u0448\\u0435\\u0442\\u043a\\u0435\"}}, {\"added\": {\"name\": \"subcategory\", \"object\": \"18 \\u0420\\u043e\\u043c\\u0431 \\u043d\\u0430 \\u043a\\u0432\\u0430\\u0434\\u0440\\u0430\\u0442\\u043d\\u043e\\u0439 \\u0440\\u0435\\u0448\\u0435\\u0442\\u043a\\u0435\"}}, {\"added\": {\"name\": \"subcategory\", \"object\": \"18 \\u0422\\u0440\\u0430\\u043f\\u0435\\u0446\\u0438\\u044f \\u043d\\u0430 \\u043a\\u0432\\u0430\\u0434\\u0440\\u0430\\u0442\\u043d\\u043e\\u0439 \\u0440\\u0435\\u0448\\u0435\\u0442\\u043a\\u0435\"}}, {\"added\": {\"name\": \"subcategory\", \"object\": \"18 \\u041c\\u043d\\u043e\\u0433\\u043e\\u0443\\u0433\\u043e\\u043b\\u044c\\u043d\\u0438\\u043a\\u0438 \\u043d\\u0430 \\u043a\\u0432\\u0430\\u0434\\u0440\\u0430\\u0442\\u043d\\u043e\\u0439 \\u0440\\u0435\\u0448\\u0435\\u0442\\u043a\\u0435\"}}]"}},{"model":"admin.logentry","pk":131,"fields":{"action_time":"2023-10-01T21:22:34.241Z","user":1,"content_type":10,"object_id":"72","object_repr":"None Многоугольники","action_flag":3,"change_message":""}},{"model":"admin.logentry","pk":132,"fields":{"action_time":"2023-10-01T21:22:34.248Z","user":1,"content_type":10,"object_id":"71","object_repr":"None Трапеция","action_flag":3,"change_message":""}},{"model":"admin.logentry","pk":133,"fields":{"action_time":"2023-10-01T21:22:34.255Z","user":1,"content_type":10,"object_id":"70","object_repr":"None Ромб","action_flag":3,"change_message":""}},{"model":"admin.logentry","pk":134,"fields":{"action_time":"2023-10-01T21:22:34.261Z","user":1,"content_type":10,"object_id":"69","object_repr":"None Параллелограмм","action_flag":3,"change_message":""}},{"model":"admin.logentry","pk":135,"fields":{"action_time":"2023-10-01T21:22:34.266Z","user":1,"content_type":10,"object_id":"68","object_repr":"None Прямоугольный треугольник","action_flag":3,"change_message":""}},{"model":"admin.logentry","pk":136,"fields":{"action_time":"2023-10-01T21:22:34.272Z","user":1,"content_type":10,"object_id":"67","object_repr":"None Треугольники общего вида","action_flag":3,"change_message":""}},{"model":"admin.logentry","pk":137,"fields":{"action_time":"2023-10-01T21:22:34.279Z","user":1,"content_type":10,"object_id":"66","object_repr":"None Расстояние от точки до прямой","action_flag":3,"change_message":""}},{"model":"admin.logentry","pk":138,"fields":{"action_time":"2023-10-01T21:22:34.285Z","user":1,"content_type":10,"object_id":"65","object_repr":"None Углы","action_flag":3,"change_message":""}},{"model":"admin.logentry","pk":139,"fields":{"action_time":"2023-10-01T21:24:48.969Z","user":1,"content_type":8,"object_id":"14","object_repr":"Ромб на квадратной решетке 14","action_flag":1,"change_message":"[{\"added\": {}}, {\"added\": {\"name\": \"test\", \"object\": \"27\"}}, {\"added\": {\"name\": \"answer\", \"object\": \"Answer object (7)\"}}]"}},{"model":"admin.logentry","pk":140,"fields":{"action_time":"2023-10-01T21:25:19.346Z","user":1,"content_type":7,"object_id":"19","object_repr":"Анализ геометрических высказываний","action_flag":1,"change_message":"[{\"added\": {}}, {\"added\": {\"name\": \"subcategory\", \"object\": \"19 \\u0410\\u043d\\u0430\\u043b\\u0438\\u0437 \\u0433\\u0435\\u043e\\u043c\\u0435\\u0442\\u0440\\u0438\\u0447\\u0435\\u0441\\u043a\\u0438\\u0445 \\u0432\\u044b\\u0441\\u043a\\u0430\\u0437\\u044b\\u0432\\u0430\\u043d\\u0438\\u0439\"}}]"}},{"model":"admin.logentry","pk":141,"fields":{"action_time":"2023-10-01T21:26:17.278Z","user":1,"content_type":8,"object_id":"15","object_repr":"Анализ геометрических высказываний 15","action_flag":1,"change_message":"[{\"added\": {}}, {\"added\": {\"name\": \"test\", \"object\": \"28\"}}, {\"added\": {\"name\": \"answer\", \"object\": \"Answer object (8)\"}}, {\"added\": {\"name\": \"answer\", \"object\": \"Answer object (9)\"}}]"}},{"model":"admin.logentry","pk":142,"fields":{"action_time":"2023-10-01T21:27:23.562Z","user":1,"content_type":7,"object_id":"21","object_repr":"Текстовые задачи","action_flag":1,"change_message":"[{\"added\": {}}, {\"added\": {\"name\": \"subcategory\", \"object\": \"21 \\u0417\\u0430\\u0434\\u0430\\u0447\\u0438 \\u043d\\u0430 \\u043f\\u0440\\u043e\\u0446\\u0435\\u043d\\u0442\\u044b, \\u0441\\u043f\\u043b\\u0430\\u0432\\u044b \\u0438 \\u0441\\u043c\\u0435\\u0441\\u0438\"}}, {\"added\": {\"name\": \"subcategory\", \"object\": \"21 \\u0414\\u0432\\u0438\\u0436\\u0435\\u043d\\u0438\\u0435 \\u043f\\u043e \\u043f\\u0440\\u044f\\u043c\\u043e\\u0439\"}}, {\"added\": {\"name\": \"subcategory\", \"object\": \"21 \\u0417\\u0430\\u0434\\u0430\\u0447\\u0438 \\u043d\\u0430 \\u0434\\u0432\\u0438\\u0436\\u0435\\u043d\\u0438\\u0435 \\u043f\\u043e \\u0432\\u043e\\u0434\\u0435\"}}, {\"added\": {\"name\": \"subcategory\", \"object\": \"21 \\u0417\\u0430\\u0434\\u0430\\u0447\\u0438 \\u043d\\u0430 \\u0441\\u043e\\u0432\\u043c\\u0435\\u0441\\u0442\\u043d\\u0443\\u044e \\u0440\\u0430\\u0431\\u043e\\u0442\\u0443\"}}, {\"added\": {\"name\": \"subcategory\", \"object\": \"21 \\u0420\\u0430\\u0437\\u043d\\u044b\\u0435 \\u0437\\u0430\\u0434\\u0430\\u0447\\u0438\"}}]"}},{"model":"admin.logentry","pk":143,"fields":{"action_time":"2023-10-01T21:28:31.934Z","user":1,"content_type":7,"object_id":"22","object_repr":"Функции и их свойства. Графики функций","action_flag":1,"change_message":"[{\"added\": {}}, {\"added\": {\"name\": \"subcategory\", \"object\": \"22 \\u041f\\u0430\\u0440\\u0430\\u0431\\u043e\\u043b\\u044b\"}}, {\"added\": {\"name\": \"subcategory\", \"object\": \"22 \\u0413\\u0438\\u043f\\u0435\\u0440\\u0431\\u043e\\u043b\\u044b\"}}, {\"added\": {\"name\": \"subcategory\", \"object\": \"22 \\u041a\\u0443\\u0441\\u043e\\u0447\\u043d\\u043e-\\u043d\\u0435\\u043f\\u0440\\u0435\\u0440\\u044b\\u0432\\u043d\\u044b\\u0435 \\u0444\\u0443\\u043d\\u043a\\u0446\\u0438\\u0438\"}}, {\"added\": {\"name\": \"subcategory\", \"object\": \"22 \\u0420\\u0430\\u0437\\u043d\\u044b\\u0435 \\u0437\\u0430\\u0434\\u0430\\u0447\\u0438\"}}]"}},{"model":"admin.logentry","pk":144,"fields":{"action_time":"2023-10-01T21:29:25.805Z","user":1,"content_type":7,"object_id":"23","object_repr":"Геометрические задачи на вычисление","action_flag":1,"change_message":"[{\"added\": {}}, {\"added\": {\"name\": \"subcategory\", \"object\": \"23 \\u0423\\u0433\\u043b\\u044b\"}}, {\"added\": {\"name\": \"subcategory\", \"object\": \"23 \\u0422\\u0440\\u0435\\u0443\\u0433\\u043e\\u043b\\u044c\\u043d\\u0438\\u043a\\u0438\"}}, {\"added\": {\"name\": \"subcategory\", \"object\": \"23 \\u0427\\u0435\\u0442\\u044b\\u0440\\u0451\\u0445\\u0443\\u0433\\u043e\\u043b\\u044c\\u043d\\u0438\\u043a\\u0438\"}}, {\"added\": {\"name\": \"subcategory\", \"object\": \"23 \\u041e\\u043a\\u0440\\u0443\\u0436\\u043d\\u043e\\u0441\\u0442\\u0438\"}}]"}},{"model":"admin.logentry","pk":145,"fields":{"action_time":"2023-10-01T21:31:07.979Z","user":1,"content_type":8,"object_id":"16","object_repr":"Углы 16","action_flag":1,"change_message":"[{\"added\": {}}, {\"added\": {\"name\": \"test\", \"object\": \"29\"}}]"}},{"model":"admin.logentry","pk":146,"fields":{"action_time":"2023-10-01T21:32:02.000Z","user":1,"content_type":7,"object_id":"24","object_repr":"Геометрические задачи на доказательство","action_flag":1,"change_message":"[{\"added\": {}}, {\"added\": {\"name\": \"subcategory\", \"object\": \"24 \\u041f\\u0440\\u0430\\u0432\\u0438\\u043b\\u044c\\u043d\\u044b\\u0435 \\u043c\\u043d\\u043e\\u0433\\u043e\\u0443\\u0433\\u043e\\u043b\\u044c\\u043d\\u0438\\u043a\\u0438\"}}, {\"added\": {\"name\": \"subcategory\", \"object\": \"24 \\u0422\\u0440\\u0435\\u0443\\u0433\\u043e\\u043b\\u044c\\u043d\\u0438\\u043a\\u0438 \\u0438 \\u0438\\u0445 \\u044d\\u043b\\u0435\\u043c\\u0435\\u043d\\u0442\\u044b\"}}, {\"added\": {\"name\": \"subcategory\", \"object\": \"24 \\u0427\\u0435\\u0442\\u044b\\u0440\\u0451\\u0445\\u0443\\u0433\\u043e\\u043b\\u044c\\u043d\\u0438\\u043a\\u0438 \\u0438 \\u0438\\u0445 \\u044d\\u043b\\u0435\\u043c\\u0435\\u043d\\u0442\\u044b\"}}, {\"added\": {\"name\": \"subcategory\", \"object\": \"24 \\u041e\\u043a\\u0440\\u0443\\u0436\\u043d\\u043e\\u0441\\u0442\\u0438 \\u0438 \\u0438\\u0445 \\u044d\\u043b\\u0435\\u043c\\u0435\\u043d\\u0442\\u044b\"}}]"}},{"model":"admin.logentry","pk":147,"fields":{"action_time":"2023-10-01T21:34:37.010Z","user":1,"content_type":8,"object_id":"17","object_repr":"Окружности и их элементы 17","action_flag":1,"change_message":"[{\"added\": {}}, {\"added\": {\"name\": \"test\", \"object\": \"30\"}}]"}},{"model":"admin.logentry","pk":148,"fields":{"action_time":"2023-10-01T21:35:44.293Z","user":1,"content_type":7,"object_id":"25","object_repr":"Геометрические задачи повышенной сложности","action_flag":1,"change_message":"[{\"added\": {}}, {\"added\": {\"name\": \"subcategory\", \"object\": \"25 \\u0422\\u0440\\u0435\\u0443\\u0433\\u043e\\u043b\\u044c\\u043d\\u0438\\u043a\\u0438\"}}, {\"added\": {\"name\": \"subcategory\", \"object\": \"25 \\u0427\\u0435\\u0442\\u044b\\u0440\\u0451\\u0445\\u0443\\u0433\\u043e\\u043b\\u044c\\u043d\\u0438\\u043a\\u0438\"}}, {\"added\": {\"name\": \"subcategory\", \"object\": \"25 \\u041e\\u043a\\u0440\\u0443\\u0436\\u043d\\u043e\\u0441\\u0442\\u0438\"}}, {\"added\": {\"name\": \"subcategory\", \"object\": \"25 \\u041a\\u043e\\u043c\\u0431\\u0438\\u043d\\u0430\\u0446\\u0438\\u044f \\u043c\\u043d\\u043e\\u0433\\u043e\\u0443\\u0433\\u043e\\u043b\\u044c\\u043d\\u0438\\u043a\\u043e\\u0432 \\u0438 \\u043e\\u043a\\u0440\\u0443\\u0436\\u043d\\u043e\\u0441\\u0442\\u0435\\u0439\"}}]"}},{"model":"admin.logentry","pk":149,"fields":{"action_time":"2023-10-01T21:37:41.757Z","user":1,"content_type":8,"object_id":"18","object_repr":"Окружности 18","action_flag":1,"change_message":"[{\"added\": {}}, {\"added\": {\"name\": \"test\", \"object\": \"31\"}}]"}},{"model":"admin.logentry","pk":150,"fields":{"action_time":"2023-10-01T21:52:52.982Z","user":1,"content_type":8,"object_id":"19","object_repr":"Чтение графиков функций 19","action_flag":1,"change_message":"[{\"added\": {}}, {\"added\": {\"name\": \"test\", \"object\": \"32\"}}, {\"added\": {\"name\": \"answer\", \"object\": \"Answer object (10)\"}}]"}},{"model":"admin.logentry","pk":151,"fields":{"action_time":"2023-10-01T21:55:27.015Z","user":1,"content_type":8,"object_id":"20","object_repr":"Линейные уравнения в текстовых задачах 20","action_flag":1,"change_message":"[{\"added\": {}}, {\"added\": {\"name\": \"test\", \"object\": \"33\"}}, {\"added\": {\"name\": \"answer\", \"object\": \"Answer object (11)\"}}]"}},{"model":"admin.logentry","pk":152,"fields":{"action_time":"2023-10-01T21:59:20.664Z","user":1,"content_type":8,"object_id":"21","object_repr":"Системы неравенств 21","action_flag":1,"change_message":"[{\"added\": {}}, {\"added\": {\"name\": \"test\", \"object\": \"34\"}}, {\"added\": {\"name\": \"answer\", \"object\": \"Answer object (12)\"}}]"}},{"model":"admin.logentry","pk":153,"fields":{"action_time":"2023-10-01T22:00:06.963Z","user":1,"content_type":8,"object_id":"22","object_repr":"Арифметическая прогрессия 22","action_flag":1,"change_message":"[{\"added\": {}}, {\"added\": {\"name\": \"test\", \"object\": \"35\"}}, {\"added\": {\"name\": \"answer\", \"object\": \"Answer object (13)\"}}]"}},{"model":"admin.logentry","pk":154,"fields":{"action_time":"2023-10-01T22:01:54.841Z","user":1,"content_type":8,"object_id":"23","object_repr":"Равнобедренные треугольники 23","action_flag":1,"change_message":"[{\"added\": {}}, {\"added\": {\"name\": \"test\", \"object\": \"36\"}}, {\"added\": {\"name\": \"answer\", \"object\": \"Answer object (14)\"}}]"}},{"model":"admin.logentry","pk":155,"fields":{"action_time":"2023-10-01T22:04:26.078Z","user":1,"content_type":8,"object_id":"24","object_repr":"Центральные и впи­сан­ные углы 24","action_flag":1,"change_message":"[{\"added\": {}}, {\"added\": {\"name\": \"test\", \"object\": \"37\"}}, {\"added\": {\"name\": \"answer\", \"object\": \"Answer object (15)\"}}]"}},{"model":"admin.logentry","pk":156,"fields":{"action_time":"2023-10-01T22:05:43.426Z","user":1,"content_type":8,"object_id":"25","object_repr":"Площадь трапеции 25","action_flag":1,"change_message":"[{\"added\": {}}, {\"added\": {\"name\": \"test\", \"object\": \"38\"}}, {\"added\": {\"name\": \"answer\", \"object\": \"Answer object (16)\"}}]"}},{"model":"admin.logentry","pk":157,"fields":{"action_time":"2023-10-01T22:07:31.839Z","user":1,"content_type":8,"object_id":"26","object_repr":"Углы на квадратной решетке 26","action_flag":1,"change_message":"[{\"added\": {}}, {\"added\": {\"name\": \"test\", \"object\": \"39\"}}, {\"added\": {\"name\": \"answer\", \"object\": \"Answer object (17)\"}}]"}},{"model":"admin.logentry","pk":158,"fields":{"action_time":"2023-10-01T22:08:25.123Z","user":1,"content_type":8,"object_id":"27","object_repr":"Анализ геометрических высказываний 27","action_flag":1,"change_message":"[{\"added\": {}}, {\"added\": {\"name\": \"test\", \"object\": \"40\"}}, {\"added\": {\"name\": \"answer\", \"object\": \"Answer object (18)\"}}, {\"added\": {\"name\": \"answer\", \"object\": \"Answer object (19)\"}}]"}},{"model":"admin.logentry","pk":159,"fields":{"action_time":"2023-10-01T22:10:16.326Z","user":1,"content_type":8,"object_id":"28","object_repr":"Задачи на проценты, сплавы и смеси 28","action_flag":1,"change_message":"[{\"added\": {}}, {\"added\": {\"name\": \"test\", \"object\": \"41\"}}]"}},{"model":"admin.logentry","pk":160,"fields":{"action_time":"2023-10-01T22:11:32.829Z","user":1,"content_type":8,"object_id":"29","object_repr":"Параболы 29","action_flag":1,"change_message":"[{\"added\": {}}, {\"added\": {\"name\": \"test\", \"object\": \"42\"}}]"}},{"model":"admin.logentry","pk":161,"fields":{"action_time":"2023-10-01T22:12:58.092Z","user":1,"content_type":8,"object_id":"30","object_repr":"Треугольники 30","action_flag":1,"change_message":"[{\"added\": {}}, {\"added\": {\"name\": \"test\", \"object\": \"43\"}}]"}},{"model":"admin.logentry","pk":162,"fields":{"action_time":"2023-10-01T22:14:13.562Z","user":1,"content_type":8,"object_id":"31","object_repr":"Четырёхугольники и их элементы 31","action_flag":1,"change_message":"[{\"added\": {}}, {\"added\": {\"name\": \"test\", \"object\": \"44\"}}]"}},{"model":"admin.logentry","pk":163,"fields":{"action_time":"2023-10-01T22:15:28.254Z","user":1,"content_type":8,"object_id":"32","object_repr":"Комбинация многоугольников и окружностей 32","action_flag":1,"change_message":"[{\"added\": {}}, {\"added\": {\"name\": \"test\", \"object\": \"45\"}}, {\"added\": {\"name\": \"answer\", \"object\": \"Answer object (20)\"}}]"}},{"model":"admin.logentry","pk":164,"fields":{"action_time":"2023-10-01T22:15:32.960Z","user":1,"content_type":12,"object_id":"1","object_repr":"1","action_flag":2,"change_message":"[{\"changed\": {\"fields\": [\"Exercise\"]}}]"}},{"model":"admin.logentry","pk":165,"fields":{"action_time":"2023-10-01T22:17:00.620Z","user":1,"content_type":8,"object_id":"32","object_repr":"Комбинация многоугольников и окружностей 32","action_flag":2,"change_message":"[{\"changed\": {\"name\": \"test\", \"object\": \"45\", \"fields\": [\"Part2\"]}}]"}},{"model":"admin.logentry","pk":166,"fields":{"action_time":"2023-10-01T22:17:16.462Z","user":1,"content_type":8,"object_id":"31","object_repr":"Четырёхугольники и их элементы 31","action_flag":2,"change_message":"[{\"changed\": {\"name\": \"test\", \"object\": \"44\", \"fields\": [\"Part2\"]}}]"}},{"model":"admin.logentry","pk":167,"fields":{"action_time":"2023-10-01T22:17:31.519Z","user":1,"content_type":8,"object_id":"30","object_repr":"Треугольники 30","action_flag":2,"change_message":"[{\"changed\": {\"name\": \"test\", \"object\": \"43\", \"fields\": [\"Part2\"]}}, {\"added\": {\"name\": \"answer\", \"object\": \"Answer object (21)\"}}]"}},{"model":"admin.logentry","pk":168,"fields":{"action_time":"2023-10-01T22:18:45.795Z","user":1,"content_type":8,"object_id":"29","object_repr":"Параболы 29","action_flag":2,"change_message":"[{\"added\": {\"name\": \"answer\", \"object\": \"Answer object (22)\"}}]"}},{"model":"admin.logentry","pk":169,"fields":{"action_time":"2023-10-01T22:18:57.016Z","user":1,"content_type":8,"object_id":"28","object_repr":"Задачи на проценты, сплавы и смеси 28","action_flag":2,"change_message":"[{\"changed\": {\"name\": \"test\", \"object\": \"41\", \"fields\": [\"Part2\"]}}]"}},{"model":"admin.logentry","pk":170,"fields":{"action_time":"2023-10-01T22:19:06.536Z","user":1,"content_type":8,"object_id":"28","object_repr":"Задачи на проценты, сплавы и смеси 28","action_flag":2,"change_message":"[]"}},{"model":"admin.logentry","pk":171,"fields":{"action_time":"2023-10-01T22:19:56.646Z","user":1,"content_type":8,"object_id":"29","object_repr":"Параболы 29","action_flag":2,"change_message":"[{\"changed\": {\"name\": \"test\", \"object\": \"42\", \"fields\": [\"Part2\"]}}]"}},{"model":"admin.logentry","pk":172,"fields":{"action_time":"2023-10-01T22:42:02.905Z","user":1,"content_type":8,"object_id":"1","object_repr":"План сельской местности 1","action_flag":2,"change_message":"[{\"added\": {\"name\": \"answer\", \"object\": \"3461\"}}, {\"added\": {\"name\": \"answer\", \"object\": \"23\"}}, {\"added\": {\"name\": \"answer\", \"object\": \"68\"}}, {\"added\": {\"name\": \"answer\", \"object\": \"10\"}}, {\"added\": {\"name\": \"answer\", \"object\": \"500\"}}]"}},{"model":"admin.logentry","pk":173,"fields":{"action_time":"2023-10-01T22:42:18.236Z","user":1,"content_type":8,"object_id":"2","object_repr":"Числа на прямой 2","action_flag":2,"change_message":"[{\"added\": {\"name\": \"answer\", \"object\": \"2\"}}]"}},{"model":"admin.logentry","pk":174,"fields":{"action_time":"2023-10-01T22:42:40.507Z","user":1,"content_type":8,"object_id":"3","object_repr":"Действия с обыкновенными дробями 3","action_flag":2,"change_message":"[{\"added\": {\"name\": \"answer\", \"object\": \"13\"}}]"}},{"model":"admin.logentry","pk":175,"fields":{"action_time":"2023-10-01T22:45:36.529Z","user":1,"content_type":8,"object_id":"4","object_repr":"Степени и корни 4","action_flag":2,"change_message":"[{\"added\": {\"name\": \"answer\", \"object\": \"125\"}}]"}},{"model":"admin.logentry","pk":176,"fields":{"action_time":"2023-10-01T22:45:52.854Z","user":1,"content_type":8,"object_id":"6","object_repr":"Классические вероятности 6","action_flag":2,"change_message":"[{\"added\": {\"name\": \"answer\", \"object\": \"0,2\"}}]"}},{"model":"admin.logentry","pk":177,"fields":{"action_time":"2023-10-01T22:46:11.776Z","user":1,"content_type":8,"object_id":"5","object_repr":"Квадратные уравнения 5","action_flag":2,"change_message":"[{\"added\": {\"name\": \"answer\", \"object\": \"3\"}}]"}},{"model":"admin.logentry","pk":178,"fields":{"action_time":"2023-10-02T20:56:58.552Z","user":1,"content_type":9,"object_id":"33","object_repr":"33","action_flag":2,"change_message":"[{\"changed\": {\"name\": \"answer\", \"object\": \"\\u221213\", \"fields\": [\"\\u041e\\u0442\\u0432\\u0435\\u0442\"]}}]"}},{"model":"admin.logentry","pk":179,"fields":{"action_time":"2023-10-02T22:13:56.090Z","user":1,"content_type":9,"object_id":"45","object_repr":"45","action_flag":2,"change_message":"[{\"changed\": {\"fields\": [\"\\u041a\\u0440\\u0438\\u0442\\u0435\\u0440\\u0438\\u0438\"]}}]"}},{"model":"admin.logentry","pk":180,"fields":{"action_time":"2023-10-02T22:18:13.246Z","user":1,"content_type":9,"object_id":"45","object_repr":"45","action_flag":2,"change_message":"[{\"changed\": {\"fields\": [\"\\u041a\\u0440\\u0438\\u0442\\u0435\\u0440\\u0438\\u0438\"]}}]"}},{"model":"admin.logentry","pk":181,"fields":{"action_time":"2023-10-02T22:18:32.256Z","user":1,"content_type":9,"object_id":"44","object_repr":"44","action_flag":2,"change_message":"[{\"changed\": {\"fields\": [\"\\u041a\\u0440\\u0438\\u0442\\u0435\\u0440\\u0438\\u0438\"]}}]"}},{"model":"admin.logentry","pk":182,"fields":{"action_time":"2023-10-02T22:18:56.404Z","user":1,"content_type":9,"object_id":"45","object_repr":"45","action_flag":2,"change_message":"[{\"changed\": {\"fields\": [\"\\u041a\\u0440\\u0438\\u0442\\u0435\\u0440\\u0438\\u0438\"]}}]"}},{"model":"admin.logentry","pk":183,"fields":{"action_time":"2023-10-02T22:19:03.412Z","user":1,"content_type":9,"object_id":"45","object_repr":"45","action_flag":2,"change_message":"[{\"changed\": {\"fields\": [\"\\u041a\\u0440\\u0438\\u0442\\u0435\\u0440\\u0438\\u0438\"]}}]"}},{"model":"admin.logentry","pk":184,"fields":{"action_time":"2023-10-02T22:19:20.145Z","user":1,"content_type":9,"object_id":"44","object_repr":"44","action_flag":2,"change_message":"[{\"changed\": {\"fields\": [\"\\u041a\\u0440\\u0438\\u0442\\u0435\\u0440\\u0438\\u0438\"]}}]"}},{"model":"admin.logentry","pk":185,"fields":{"action_time":"2023-10-02T22:19:55.119Z","user":1,"content_type":9,"object_id":"43","object_repr":"43","action_flag":2,"change_message":"[{\"changed\": {\"fields\": [\"\\u041a\\u0440\\u0438\\u0442\\u0435\\u0440\\u0438\\u0438\"]}}]"}},{"model":"admin.logentry","pk":186,"fields":{"action_time":"2023-10-02T22:21:13.074Z","user":1,"content_type":9,"object_id":"20","object_repr":"20","action_flag":2,"change_message":"[{\"changed\": {\"fields\": [\"\\u041a\\u0440\\u0438\\u0442\\u0435\\u0440\\u0438\\u0438\"]}}]"}},{"model":"admin.logentry","pk":187,"fields":{"action_time":"2023-10-02T22:22:42.528Z","user":1,"content_type":9,"object_id":"20","object_repr":"20","action_flag":2,"change_message":"[{\"changed\": {\"fields\": [\"\\u041a\\u0440\\u0438\\u0442\\u0435\\u0440\\u0438\\u0438\"]}}]"}},{"model":"admin.logentry","pk":188,"fields":{"action_time":"2023-10-02T22:25:40.242Z","user":1,"content_type":9,"object_id":"41","object_repr":"41","action_flag":2,"change_message":"[{\"changed\": {\"fields\": [\"\\u041a\\u0440\\u0438\\u0442\\u0435\\u0440\\u0438\\u0438\"]}}]"}},{"model":"admin.logentry","pk":189,"fields":{"action_time":"2023-10-02T22:26:15.584Z","user":1,"content_type":9,"object_id":"42","object_repr":"42","action_flag":2,"change_message":"[{\"changed\": {\"fields\": [\"\\u041a\\u0440\\u0438\\u0442\\u0435\\u0440\\u0438\\u0438\"]}}]"}},{"model":"admin.logentry","pk":190,"fields":{"action_time":"2023-10-02T22:27:14.092Z","user":1,"content_type":9,"object_id":"43","object_repr":"43","action_flag":2,"change_message":"[{\"changed\": {\"fields\": [\"\\u041a\\u0440\\u0438\\u0442\\u0435\\u0440\\u0438\\u0438\"]}}]"}},{"model":"admin.logentry","pk":191,"fields":{"action_time":"2023-10-02T22:27:45.410Z","user":1,"content_type":9,"object_id":"44","object_repr":"44","action_flag":2,"change_message":"[{\"changed\": {\"fields\": [\"\\u041a\\u0440\\u0438\\u0442\\u0435\\u0440\\u0438\\u0438\"]}}]"}},{"model":"admin.logentry","pk":192,"fields":{"action_time":"2023-10-02T22:28:10.218Z","user":1,"content_type":9,"object_id":"45","object_repr":"45","action_flag":2,"change_message":"[{\"changed\": {\"fields\": [\"\\u041a\\u0440\\u0438\\u0442\\u0435\\u0440\\u0438\\u0438\"]}}]"}},{"model":"admin.logentry","pk":193,"fields":{"action_time":"2023-10-04T11:21:27.190Z","user":1,"content_type":8,"object_id":"33","object_repr":"План сельской местности 33","action_flag":1,"change_message":"[{\"added\": {}}, {\"added\": {\"name\": \"test\", \"object\": \"46\"}}, {\"added\": {\"name\": \"test\", \"object\": \"47\"}}, {\"added\": {\"name\": \"test\", \"object\": \"48\"}}, {\"added\": {\"name\": \"test\", \"object\": \"49\"}}, {\"added\": {\"name\": \"test\", \"object\": \"50\"}}, {\"added\": {\"name\": \"answer\", \"object\": \"1375\"}}, {\"added\": {\"name\": \"answer\", \"object\": \"13\"}}, {\"added\": {\"name\": \"answer\", \"object\": \"12\"}}, {\"added\": {\"name\": \"answer\", \"object\": \"0,8\"}}, {\"added\": {\"name\": \"answer\", \"object\": \"6\"}}]"}},{"model":"admin.logentry","pk":194,"fields":{"action_time":"2023-10-04T11:22:09.572Z","user":1,"content_type":8,"object_id":"33","object_repr":"План жилья 33","action_flag":2,"change_message":"[{\"changed\": {\"fields\": [\"\\u0412\\u0438\\u0434\"]}}]"}},{"model":"admin.logentry","pk":195,"fields":{"action_time":"2023-10-04T11:24:06.145Z","user":1,"content_type":8,"object_id":"33","object_repr":"План жилья 33","action_flag":2,"change_message":"[{\"changed\": {\"fields\": [\"Picture\"]}}]"}},{"model":"admin.logentry","pk":196,"fields":{"action_time":"2023-10-04T11:24:18.450Z","user":1,"content_type":8,"object_id":"33","object_repr":"План жилья 33","action_flag":2,"change_message":"[{\"changed\": {\"fields\": [\"Picture\"]}}]"}},{"model":"admin.logentry","pk":197,"fields":{"action_time":"2023-10-04T11:31:28.141Z","user":1,"content_type":8,"object_id":"34","object_repr":"План жилья 34","action_flag":1,"change_message":"[{\"added\": {}}, {\"added\": {\"name\": \"test\", \"object\": \"51\"}}, {\"added\": {\"name\": \"test\", \"object\": \"52\"}}, {\"added\": {\"name\": \"test\", \"object\": \"53\"}}, {\"added\": {\"name\": \"test\", \"object\": \"54\"}}, {\"added\": {\"name\": \"test\", \"object\": \"55\"}}, {\"added\": {\"name\": \"answer\", \"object\": \"1475\"}}, {\"added\": {\"name\": \"answer\", \"object\": \"18\"}}, {\"added\": {\"name\": \"answer\", \"object\": \"25\"}}, {\"added\": {\"name\": \"answer\", \"object\": \"4\"}}, {\"added\": {\"name\": \"answer\", \"object\": \"1600\"}}]"}},{"model":"admin.logentry","pk":198,"fields":{"action_time":"2023-10-04T16:28:41.976Z","user":1,"content_type":8,"object_id":"34","object_repr":"План жилья 34","action_flag":2,"change_message":"[{\"changed\": {\"name\": \"test\", \"object\": \"55\", \"fields\": [\"Problem text\"]}}]"}},{"model":"admin.logentry","pk":199,"fields":{"action_time":"2023-10-04T17:25:07.512Z","user":1,"content_type":8,"object_id":"34","object_repr":"План жилья 34","action_flag":2,"change_message":"[{\"changed\": {\"name\": \"test\", \"object\": \"51\", \"fields\": [\"Problem text\"]}}]"}},{"model":"admin.logentry","pk":200,"fields":{"action_time":"2023-10-04T20:25:55.690Z","user":1,"content_type":9,"object_id":"51","object_repr":"51","action_flag":2,"change_message":"[{\"changed\": {\"fields\": [\"Problem text\"]}}]"}},{"model":"admin.logentry","pk":201,"fields":{"action_time":"2023-10-04T20:26:53.290Z","user":1,"content_type":8,"object_id":"34","object_repr":"План жилья 34","action_flag":2,"change_message":"[{\"changed\": {\"name\": \"test\", \"object\": \"55\", \"fields\": [\"Problem text\"]}}]"}},{"model":"admin.logentry","pk":202,"fields":{"action_time":"2023-10-04T20:28:28.031Z","user":1,"content_type":9,"object_id":"55","object_repr":"55","action_flag":2,"change_message":"[]"}},{"model":"admin.logentry","pk":203,"fields":{"action_time":"2023-10-04T21:04:29.129Z","user":1,"content_type":8,"object_id":"34","object_repr":"План жилья 34","action_flag":2,"change_message":"[{\"changed\": {\"name\": \"test\", \"object\": \"55\", \"fields\": [\"Problem text\"]}}]"}},{"model":"admin.logentry","pk":204,"fields":{"action_time":"2023-10-04T21:05:22.144Z","user":1,"content_type":8,"object_id":"34","object_repr":"План жилья 34","action_flag":2,"change_message":"[{\"changed\": {\"name\": \"test\", \"object\": \"55\", \"fields\": [\"Problem text\"]}}]"}},{"model":"admin.logentry","pk":205,"fields":{"action_time":"2023-10-04T21:06:28.200Z","user":1,"content_type":8,"object_id":"34","object_repr":"План жилья 34","action_flag":2,"change_message":"[{\"changed\": {\"name\": \"test\", \"object\": \"55\", \"fields\": [\"Problem text\"]}}]"}},{"model":"admin.logentry","pk":206,"fields":{"action_time":"2023-10-04T21:08:39.467Z","user":1,"content_type":8,"object_id":"34","object_repr":"План жилья 34","action_flag":2,"change_message":"[{\"changed\": {\"name\": \"test\", \"object\": \"55\", \"fields\": [\"Problem text\"]}}]"}},{"model":"admin.logentry","pk":207,"fields":{"action_time":"2023-10-04T21:10:54.637Z","user":1,"content_type":9,"object_id":"55","object_repr":"55","action_flag":2,"change_message":"[{\"changed\": {\"fields\": [\"Problem text\"]}}]"}},{"model":"admin.logentry","pk":208,"fields":{"action_time":"2023-10-05T06:52:04.600Z","user":1,"content_type":9,"object_id":"24","object_repr":"24","action_flag":2,"change_message":"[{\"changed\": {\"fields\": [\"Problem text\", \"Image problem text\"]}}]"}},{"model":"admin.logentry","pk":209,"fields":{"action_time":"2023-10-05T06:53:55.469Z","user":1,"content_type":9,"object_id":"24","object_repr":"24","action_flag":2,"change_message":"[]"}},{"model":"admin.logentry","pk":210,"fields":{"action_time":"2023-10-05T07:00:43.010Z","user":1,"content_type":9,"object_id":"24","object_repr":"24","action_flag":2,"change_message":"[{\"changed\": {\"fields\": [\"Problem text\"]}}]"}},{"model":"admin.logentry","pk":211,"fields":{"action_time":"2024-05-01T09:14:56.062Z","user":1,"content_type":26,"object_id":"17","object_repr":"17","action_flag":1,"change_message":"[{\"added\": {}}]"}},{"model":"admin.logentry","pk":212,"fields":{"action_time":"2024-05-01T09:21:12.494Z","user":1,"content_type":26,"object_id":"17","object_repr":"17","action_flag":2,"change_message":"[{\"changed\": {\"fields\": [\"Admin created\"]}}]"}},{"model":"admin.logentry","pk":213,"fields":{"action_time":"2024-05-01T09:21:19.116Z","user":1,"content_type":26,"object_id":"16","object_repr":"16","action_flag":2,"change_message":"[{\"changed\": {\"fields\": [\"Admin created\"]}}]"}},{"model":"admin.logentry","pk":214,"fields":{"action_time":"2024-05-01T09:21:23.186Z","user":1,"content_type":26,"object_id":"17","object_repr":"17","action_flag":2,"change_message":"[{\"changed\": {\"fields\": [\"Admin created\"]}}]"}},{"model":"admin.logentry","pk":215,"fields":{"action_time":"2024-05-09T22:38:07.253Z","user":1,"content_type":9,"object_id":"33","object_repr":"33","action_flag":2,"change_message":"[{\"changed\": {\"fields\": [\"Part2\"]}}]"}},{"model":"admin.logentry","pk":216,"fields":{"action_time":"2024-05-09T22:39:49.054Z","user":1,"content_type":9,"object_id":"20","object_repr":"20","action_flag":2,"change_message":"[{\"changed\": {\"fields\": [\"Part2\"]}}]"}},{"model":"admin.logentry","pk":217,"fields":{"action_time":"2024-05-09T22:39:59.769Z","user":1,"content_type":9,"object_id":"41","object_repr":"41","action_flag":2,"change_message":"[{\"changed\": {\"fields\": [\"Part2\"]}}]"}},{"model":"admin.logentry","pk":218,"fields":{"action_time":"2024-05-09T22:40:09.971Z","user":1,"content_type":9,"object_id":"42","object_repr":"42","action_flag":2,"change_message":"[{\"changed\": {\"fields\": [\"Part2\"]}}]"}},{"model":"admin.logentry","pk":219,"fields":{"action_time":"2024-05-09T22:40:22.917Z","user":1,"content_type":9,"object_id":"42","object_repr":"42","action_flag":2,"change_message":"[]"}},{"model":"admin.logentry","pk":220,"fields":{"action_time":"2024-05-09T22:40:35.160Z","user":1,"content_type":9,"object_id":"43","object_repr":"43","action_flag":2,"change_message":"[{\"changed\": {\"fields\": [\"Part2\"]}}]"}},{"model":"admin.logentry","pk":221,"fields":{"action_time":"2024-05-09T22:40:42.540Z","user":1,"content_type":9,"object_id":"29","object_repr":"29","action_flag":2,"change_message":"[{\"changed\": {\"fields\": [\"Part2\"]}}]"}},{"model":"admin.logentry","pk":222,"fields":{"action_time":"2024-05-09T22:40:55.772Z","user":1,"content_type":9,"object_id":"44","object_repr":"44","action_flag":2,"change_message":"[{\"changed\": {\"fields\": [\"\\u041a\\u0440\\u0438\\u0442\\u0435\\u0440\\u0438\\u0438\", \"Part2\"]}}]"}},{"model":"admin.logentry","pk":223,"fields":{"action_time":"2024-05-09T22:41:03.425Z","user":1,"content_type":9,"object_id":"30","object_repr":"30","action_flag":2,"change_message":"[{\"changed\": {\"fields\": [\"Part2\"]}}]"}},{"model":"admin.logentry","pk":224,"fields":{"action_time":"2024-05-09T22:41:21.109Z","user":1,"content_type":9,"object_id":"45","object_repr":"45","action_flag":2,"change_message":"[{\"changed\": {\"fields\": [\"Part2\"]}}]"}},{"model":"admin.logentry","pk":225,"fields":{"action_time":"2024-05-09T22:41:28.176Z","user":1,"content_type":9,"object_id":"31","object_repr":"31","action_flag":2,"change_message":"[{\"changed\": {\"fields\": [\"Part2\"]}}]"}},{"model":"admin.logentry","pk":226,"fields":{"action_time":"2024-05-11T19:29:21.113Z","user":1,"content_type":23,"object_id":"3","object_repr":"kate1","action_flag":3,"change_message":""}},{"model":"admin.logentry","pk":227,"fields":{"action_time":"2024-05-11T19:29:21.130Z","user":1,"content_type":23,"object_id":"4","object_repr":"kate2","action_flag":3,"change_message":""}},{"model":"admin.logentry","pk":228,"fields":{"action_time":"2024-05-11T19:29:21.140Z","user":1,"content_type":23,"object_id":"5","object_repr":"kate3","action_flag":3,"change_message":""}},{"model":"admin.logentry","pk":229,"fields":{"action_time":"2024-05-11T19:29:21.156Z","user":1,"content_type":23,"object_id":"6","object_repr":"kate4","action_flag":3,"change_message":""}},{"model":"admin.logentry","pk":230,"fields":{"action_time":"2024-05-11T19:29:21.171Z","user":1,"content_type":23,"object_id":"7","object_repr":"kate5","action_flag":3,"change_message":""}},{"model":"admin.logentry","pk":231,"fields":{"action_time":"2024-05-11T19:29:21.183Z","user":1,"content_type":23,"object_id":"8","object_repr":"kate6","action_flag":3,"change_message":""}},{"model":"admin.logentry","pk":232,"fields":{"action_time":"2024-05-11T19:29:21.193Z","user":1,"content_type":23,"object_id":"2","object_repr":"not_kate","action_flag":3,"change_message":""}},{"model":"admin.logentry","pk":233,"fields":{"action_time":"2024-05-11T19:38:56.157Z","user":1,"content_type":25,"object_id":"68","object_repr":"ExamAttempt object (68)","action_flag":3,"change_message":""}},{"model":"admin.logentry","pk":234,"fields":{"action_time":"2024-05-11T19:38:56.266Z","user":1,"content_type":25,"object_id":"67","object_repr":"ExamAttempt object (67)","action_flag":3,"change_message":""}},{"model":"admin.logentry","pk":235,"fields":{"action_time":"2024-05-11T19:38:56.278Z","user":1,"content_type":25,"object_id":"66","object_repr":"ExamAttempt object (66)","action_flag":3,"change_message":""}},{"model":"admin.logentry","pk":236,"fields":{"action_time":"2024-05-11T19:38:56.312Z","user":1,"content_type":25,"object_id":"65","object_repr":"ExamAttempt object (65)","action_flag":3,"change_message":""}},{"model":"admin.logentry","pk":237,"fields":{"action_time":"2024-05-11T19:38:56.314Z","user":1,"content_type":25,"object_id":"64","object_repr":"ExamAttempt object (64)","action_flag":3,"change_message":""}},{"model":"admin.logentry","pk":238,"fields":{"action_time":"2024-05-11T19:38:56.330Z","user":1,"content_type":25,"object_id":"63","object_repr":"ExamAttempt object (63)","action_flag":3,"change_message":""}},{"model":"admin.logentry","pk":239,"fields":{"action_time":"2024-05-11T19:38:56.346Z","user":1,"content_type":25,"object_id":"62","object_repr":"ExamAttempt object (62)","action_flag":3,"change_message":""}},{"model":"admin.logentry","pk":240,"fields":{"action_time":"2024-05-11T19:38:56.346Z","user":1,"content_type":25,"object_id":"61","object_repr":"ExamAttempt object (61)","action_flag":3,"change_message":""}},{"model":"admin.logentry","pk":241,"fields":{"action_time":"2024-05-11T19:38:56.361Z","user":1,"content_type":25,"object_id":"60","object_repr":"ExamAttempt object (60)","action_flag":3,"change_message":""}},{"model":"admin.logentry","pk":242,"fields":{"action_time":"2024-05-11T19:38:56.378Z","user":1,"content_type":25,"object_id":"59","object_repr":"ExamAttempt object (59)","action_flag":3,"change_message":""}},{"model":"admin.logentry","pk":243,"fields":{"action_time":"2024-05-11T19:38:56.387Z","user":1,"content_type":25,"object_id":"58","object_repr":"ExamAttempt object (58)","action_flag":3,"change_message":""}},{"model":"admin.logentry","pk":244,"fields":{"action_time":"2024-05-11T19:38:56.394Z","user":1,"content_type":25,"object_id":"57","object_repr":"ExamAttempt object (57)","action_flag":3,"change_message":""}},{"model":"admin.logentry","pk":245,"fields":{"action_time":"2024-05-11T19:38:56.410Z","user":1,"content_type":25,"object_id":"56","object_repr":"ExamAttempt object (56)","action_flag":3,"change_message":""}},{"model":"admin.logentry","pk":246,"fields":{"action_time":"2024-05-11T19:38:56.425Z","user":1,"content_type":25,"object_id":"55","object_repr":"ExamAttempt object (55)","action_flag":3,"change_message":""}},{"model":"admin.logentry","pk":247,"fields":{"action_time":"2024-05-11T19:38:56.425Z","user":1,"content_type":25,"object_id":"54","object_repr":"ExamAttempt object (54)","action_flag":3,"change_message":""}},{"model":"admin.logentry","pk":248,"fields":{"action_time":"2024-05-11T19:38:56.442Z","user":1,"content_type":25,"object_id":"53","object_repr":"ExamAttempt object (53)","action_flag":3,"change_message":""}},{"model":"admin.logentry","pk":249,"fields":{"action_time":"2024-05-11T19:38:56.457Z","user":1,"content_type":25,"object_id":"52","object_repr":"ExamAttempt object (52)","action_flag":3,"change_message":""}},{"model":"admin.logentry","pk":250,"fields":{"action_time":"2024-05-11T19:38:56.473Z","user":1,"content_type":25,"object_id":"51","object_repr":"ExamAttempt object (51)","action_flag":3,"change_message":""}},{"model":"admin.logentry","pk":251,"fields":{"action_time":"2024-05-11T19:38:56.473Z","user":1,"content_type":25,"object_id":"50","object_repr":"ExamAttempt object (50)","action_flag":3,"change_message":""}},{"model":"admin.logentry","pk":252,"fields":{"action_time":"2024-05-11T19:38:56.490Z","user":1,"content_type":25,"object_id":"49","object_repr":"ExamAttempt object (49)","action_flag":3,"change_message":""}},{"model":"admin.logentry","pk":253,"fields":{"action_time":"2024-05-11T19:38:56.504Z","user":1,"content_type":25,"object_id":"48","object_repr":"ExamAttempt object (48)","action_flag":3,"change_message":""}},{"model":"admin.logentry","pk":254,"fields":{"action_time":"2024-05-11T19:38:56.520Z","user":1,"content_type":25,"object_id":"47","object_repr":"ExamAttempt object (47)","action_flag":3,"change_message":""}},{"model":"admin.logentry","pk":255,"fields":{"action_time":"2024-05-11T19:38:56.520Z","user":1,"content_type":25,"object_id":"46","object_repr":"ExamAttempt object (46)","action_flag":3,"change_message":""}},{"model":"admin.logentry","pk":256,"fields":{"action_time":"2024-05-11T19:38:56.537Z","user":1,"content_type":25,"object_id":"45","object_repr":"ExamAttempt object (45)","action_flag":3,"change_message":""}},{"model":"admin.logentry","pk":257,"fields":{"action_time":"2024-05-11T19:38:56.552Z","user":1,"content_type":25,"object_id":"44","object_repr":"ExamAttempt object (44)","action_flag":3,"change_message":""}},{"model":"admin.logentry","pk":258,"fields":{"action_time":"2024-05-11T19:38:56.560Z","user":1,"content_type":25,"object_id":"43","object_repr":"ExamAttempt object (43)","action_flag":3,"change_message":""}},{"model":"admin.logentry","pk":259,"fields":{"action_time":"2024-05-11T19:38:56.573Z","user":1,"content_type":25,"object_id":"42","object_repr":"ExamAttempt object (42)","action_flag":3,"change_message":""}},{"model":"admin.logentry","pk":260,"fields":{"action_time":"2024-05-11T19:38:56.587Z","user":1,"content_type":25,"object_id":"41","object_repr":"ExamAttempt object (41)","action_flag":3,"change_message":""}},{"model":"admin.logentry","pk":261,"fields":{"action_time":"2024-05-11T19:38:56.601Z","user":1,"content_type":25,"object_id":"40","object_repr":"ExamAttempt object (40)","action_flag":3,"change_message":""}},{"model":"admin.logentry","pk":262,"fields":{"action_time":"2024-05-11T19:38:56.608Z","user":1,"content_type":25,"object_id":"39","object_repr":"ExamAttempt object (39)","action_flag":3,"change_message":""}},{"model":"admin.logentry","pk":263,"fields":{"action_time":"2024-05-11T19:38:56.623Z","user":1,"content_type":25,"object_id":"38","object_repr":"ExamAttempt object (38)","action_flag":3,"change_message":""}},{"model":"admin.logentry","pk":264,"fields":{"action_time":"2024-05-11T19:38:56.633Z","user":1,"content_type":25,"object_id":"37","object_repr":"ExamAttempt object (37)","action_flag":3,"change_message":""}},{"model":"admin.logentry","pk":265,"fields":{"action_time":"2024-05-11T19:38:56.648Z","user":1,"content_type":25,"object_id":"36","object_repr":"ExamAttempt object (36)","action_flag":3,"change_message":""}},{"model":"admin.logentry","pk":266,"fields":{"action_time":"2024-05-11T19:38:56.650Z","user":1,"content_type":25,"object_id":"35","object_repr":"ExamAttempt object (35)","action_flag":3,"change_message":""}},{"model":"admin.logentry","pk":267,"fields":{"action_time":"2024-05-11T19:38:56.664Z","user":1,"content_type":25,"object_id":"34","object_repr":"ExamAttempt object (34)","action_flag":3,"change_message":""}},{"model":"admin.logentry","pk":268,"fields":{"action_time":"2024-05-11T19:38:56.680Z","user":1,"content_type":25,"object_id":"33","object_repr":"ExamAttempt object (33)","action_flag":3,"change_message":""}},{"model":"admin.logentry","pk":269,"fields":{"action_time":"2024-05-11T19:38:56.692Z","user":1,"content_type":25,"object_id":"32","object_repr":"ExamAttempt object (32)","action_flag":3,"change_message":""}},{"model":"admin.logentry","pk":270,"fields":{"action_time":"2024-05-11T19:38:56.696Z","user":1,"content_type":25,"object_id":"31","object_repr":"ExamAttempt object (31)","action_flag":3,"change_message":""}},{"model":"admin.logentry","pk":271,"fields":{"action_time":"2024-05-11T19:38:56.713Z","user":1,"content_type":25,"object_id":"30","object_repr":"ExamAttempt object (30)","action_flag":3,"change_message":""}},{"model":"admin.logentry","pk":272,"fields":{"action_time":"2024-05-11T19:38:56.728Z","user":1,"content_type":25,"object_id":"29","object_repr":"ExamAttempt object (29)","action_flag":3,"change_message":""}},{"model":"admin.logentry","pk":273,"fields":{"action_time":"2024-05-11T19:38:56.728Z","user":1,"content_type":25,"object_id":"28","object_repr":"ExamAttempt object (28)","action_flag":3,"change_message":""}},{"model":"admin.logentry","pk":274,"fields":{"action_time":"2024-05-11T19:38:56.745Z","user":1,"content_type":25,"object_id":"27","object_repr":"ExamAttempt object (27)","action_flag":3,"change_message":""}},{"model":"admin.logentry","pk":275,"fields":{"action_time":"2024-05-11T19:38:56.759Z","user":1,"content_type":25,"object_id":"26","object_repr":"ExamAttempt object (26)","action_flag":3,"change_message":""}},{"model":"admin.logentry","pk":276,"fields":{"action_time":"2024-05-11T19:38:56.761Z","user":1,"content_type":25,"object_id":"25","object_repr":"ExamAttempt object (25)","action_flag":3,"change_message":""}},{"model":"admin.logentry","pk":277,"fields":{"action_time":"2024-05-11T19:38:56.775Z","user":1,"content_type":25,"object_id":"24","object_repr":"ExamAttempt object (24)","action_flag":3,"change_message":""}},{"model":"admin.logentry","pk":278,"fields":{"action_time":"2024-05-11T19:38:56.791Z","user":1,"content_type":25,"object_id":"23","object_repr":"ExamAttempt object (23)","action_flag":3,"change_message":""}},{"model":"admin.logentry","pk":279,"fields":{"action_time":"2024-05-11T19:38:56.791Z","user":1,"content_type":25,"object_id":"22","object_repr":"ExamAttempt object (22)","action_flag":3,"change_message":""}},{"model":"admin.logentry","pk":280,"fields":{"action_time":"2024-05-11T19:38:56.814Z","user":1,"content_type":25,"object_id":"21","object_repr":"ExamAttempt object (21)","action_flag":3,"change_message":""}},{"model":"admin.logentry","pk":281,"fields":{"action_time":"2024-05-11T19:38:56.826Z","user":1,"content_type":25,"object_id":"20","object_repr":"ExamAttempt object (20)","action_flag":3,"change_message":""}},{"model":"admin.logentry","pk":282,"fields":{"action_time":"2024-05-11T19:38:56.837Z","user":1,"content_type":25,"object_id":"17","object_repr":"ExamAttempt object (17)","action_flag":3,"change_message":""}},{"model":"admin.logentry","pk":283,"fields":{"action_time":"2024-05-11T19:38:56.848Z","user":1,"content_type":25,"object_id":"16","object_repr":"ExamAttempt object (16)","action_flag":3,"change_message":""}},{"model":"admin.logentry","pk":284,"fields":{"action_time":"2024-05-11T19:38:56.855Z","user":1,"content_type":25,"object_id":"15","object_repr":"ExamAttempt object (15)","action_flag":3,"change_message":""}},{"model":"admin.logentry","pk":285,"fields":{"action_time":"2024-05-11T19:38:56.866Z","user":1,"content_type":25,"object_id":"14","object_repr":"ExamAttempt object (14)","action_flag":3,"change_message":""}},{"model":"admin.logentry","pk":286,"fields":{"action_time":"2024-05-11T19:38:56.875Z","user":1,"content_type":25,"object_id":"13","object_repr":"ExamAttempt object (13)","action_flag":3,"change_message":""}},{"model":"admin.logentry","pk":287,"fields":{"action_time":"2024-05-11T19:38:56.888Z","user":1,"content_type":25,"object_id":"12","object_repr":"ExamAttempt object (12)","action_flag":3,"change_message":""}},{"model":"admin.logentry","pk":288,"fields":{"action_time":"2024-05-11T19:38:56.903Z","user":1,"content_type":25,"object_id":"11","object_repr":"ExamAttempt object (11)","action_flag":3,"change_message":""}},{"model":"admin.logentry","pk":289,"fields":{"action_time":"2024-05-11T19:38:56.903Z","user":1,"content_type":25,"object_id":"10","object_repr":"ExamAttempt object (10)","action_flag":3,"change_message":""}},{"model":"admin.logentry","pk":290,"fields":{"action_time":"2024-05-11T19:38:56.919Z","user":1,"content_type":25,"object_id":"9","object_repr":"ExamAttempt object (9)","action_flag":3,"change_message":""}},{"model":"admin.logentry","pk":291,"fields":{"action_time":"2024-05-11T19:38:56.934Z","user":1,"content_type":25,"object_id":"8","object_repr":"ExamAttempt object (8)","action_flag":3,"change_message":""}},{"model":"admin.logentry","pk":292,"fields":{"action_time":"2024-05-11T19:38:56.951Z","user":1,"content_type":25,"object_id":"7","object_repr":"ExamAttempt object (7)","action_flag":3,"change_message":""}},{"model":"admin.logentry","pk":293,"fields":{"action_time":"2024-05-11T19:38:56.959Z","user":1,"content_type":25,"object_id":"6","object_repr":"ExamAttempt object (6)","action_flag":3,"change_message":""}},{"model":"admin.logentry","pk":294,"fields":{"action_time":"2024-05-11T19:38:56.973Z","user":1,"content_type":25,"object_id":"5","object_repr":"ExamAttempt object (5)","action_flag":3,"change_message":""}},{"model":"admin.logentry","pk":295,"fields":{"action_time":"2024-05-11T19:38:56.984Z","user":1,"content_type":25,"object_id":"4","object_repr":"ExamAttempt object (4)","action_flag":3,"change_message":""}},{"model":"admin.logentry","pk":296,"fields":{"action_time":"2024-05-11T19:38:56.990Z","user":1,"content_type":25,"object_id":"3","object_repr":"ExamAttempt object (3)","action_flag":3,"change_message":""}},{"model":"admin.logentry","pk":297,"fields":{"action_time":"2024-05-11T19:38:56.997Z","user":1,"content_type":25,"object_id":"2","object_repr":"ExamAttempt object (2)","action_flag":3,"change_message":""}},{"model":"admin.logentry","pk":298,"fields":{"action_time":"2024-05-11T19:38:57.014Z","user":1,"content_type":25,"object_id":"1","object_repr":"ExamAttempt object (1)","action_flag":3,"change_message":""}},{"model":"admin.logentry","pk":299,"fields":{"action_time":"2024-05-11T19:39:22.043Z","user":1,"content_type":26,"object_id":"1","object_repr":"1","action_flag":3,"change_message":""}},{"model":"admin.logentry","pk":300,"fields":{"action_time":"2024-05-11T19:39:22.056Z","user":1,"content_type":26,"object_id":"2","object_repr":"2","action_flag":3,"change_message":""}},{"model":"admin.logentry","pk":301,"fields":{"action_time":"2024-05-11T19:39:22.073Z","user":1,"content_type":26,"object_id":"3","object_repr":"3","action_flag":3,"change_message":""}},{"model":"admin.logentry","pk":302,"fields":{"action_time":"2024-05-11T19:39:22.086Z","user":1,"content_type":26,"object_id":"4","object_repr":"4","action_flag":3,"change_message":""}},{"model":"admin.logentry","pk":303,"fields":{"action_time":"2024-05-11T19:39:22.086Z","user":1,"content_type":26,"object_id":"5","object_repr":"5","action_flag":3,"change_message":""}},{"model":"admin.logentry","pk":304,"fields":{"action_time":"2024-05-11T19:39:22.112Z","user":1,"content_type":26,"object_id":"6","object_repr":"6","action_flag":3,"change_message":""}},{"model":"admin.logentry","pk":305,"fields":{"action_time":"2024-05-11T19:39:22.123Z","user":1,"content_type":26,"object_id":"7","object_repr":"7","action_flag":3,"change_message":""}},{"model":"admin.logentry","pk":306,"fields":{"action_time":"2024-05-11T19:39:22.135Z","user":1,"content_type":26,"object_id":"8","object_repr":"8","action_flag":3,"change_message":""}},{"model":"admin.logentry","pk":307,"fields":{"action_time":"2024-05-11T19:39:22.150Z","user":1,"content_type":26,"object_id":"9","object_repr":"9","action_flag":3,"change_message":""}},{"model":"admin.logentry","pk":308,"fields":{"action_time":"2024-05-11T19:39:22.157Z","user":1,"content_type":26,"object_id":"10","object_repr":"10","action_flag":3,"change_message":""}},{"model":"admin.logentry","pk":309,"fields":{"action_time":"2024-05-11T19:39:22.165Z","user":1,"content_type":26,"object_id":"11","object_repr":"11","action_flag":3,"change_message":""}},{"model":"admin.logentry","pk":310,"fields":{"action_time":"2024-05-11T19:39:22.182Z","user":1,"content_type":26,"object_id":"12","object_repr":"12","action_flag":3,"change_message":""}},{"model":"admin.logentry","pk":311,"fields":{"action_time":"2024-05-11T19:39:22.197Z","user":1,"content_type":26,"object_id":"13","object_repr":"13","action_flag":3,"change_message":""}},{"model":"admin.logentry","pk":312,"fields":{"action_time":"2024-05-11T19:39:22.197Z","user":1,"content_type":26,"object_id":"14","object_repr":"14","action_flag":3,"change_message":""}},{"model":"admin.logentry","pk":313,"fields":{"action_time":"2024-05-11T19:39:22.213Z","user":1,"content_type":26,"object_id":"15","object_repr":"15","action_flag":3,"change_message":""}},{"model":"admin.logentry","pk":314,"fields":{"action_time":"2024-05-11T19:39:22.229Z","user":1,"content_type":26,"object_id":"16","object_repr":"16","action_flag":3,"change_message":""}},{"model":"admin.logentry","pk":315,"fields":{"action_time":"2024-05-11T19:39:22.242Z","user":1,"content_type":26,"object_id":"17","object_repr":"17","action_flag":3,"change_message":""}},{"model":"admin.logentry","pk":316,"fields":{"action_time":"2024-05-11T19:39:22.256Z","user":1,"content_type":26,"object_id":"18","object_repr":"18","action_flag":3,"change_message":""}},{"model":"admin.logentry","pk":317,"fields":{"action_time":"2024-05-11T19:39:22.264Z","user":1,"content_type":26,"object_id":"21","object_repr":"21","action_flag":3,"change_message":""}},{"model":"admin.logentry","pk":318,"fields":{"action_time":"2024-05-11T19:39:22.274Z","user":1,"content_type":26,"object_id":"22","object_repr":"22","action_flag":3,"change_message":""}},{"model":"admin.logentry","pk":319,"fields":{"action_time":"2024-05-11T19:39:22.283Z","user":1,"content_type":26,"object_id":"23","object_repr":"23","action_flag":3,"change_message":""}},{"model":"admin.logentry","pk":320,"fields":{"action_time":"2024-05-11T19:39:22.283Z","user":1,"content_type":26,"object_id":"24","object_repr":"24","action_flag":3,"change_message":""}},{"model":"admin.logentry","pk":321,"fields":{"action_time":"2024-05-11T19:39:22.297Z","user":1,"content_type":26,"object_id":"25","object_repr":"25","action_flag":3,"change_message":""}},{"model":"admin.logentry","pk":322,"fields":{"action_time":"2024-05-11T19:39:22.318Z","user":1,"content_type":26,"object_id":"26","object_repr":"26","action_flag":3,"change_message":""}},{"model":"admin.logentry","pk":323,"fields":{"action_time":"2024-05-11T19:39:22.328Z","user":1,"content_type":26,"object_id":"27","object_repr":"27","action_flag":3,"change_message":""}},{"model":"admin.logentry","pk":324,"fields":{"action_time":"2024-05-11T19:39:22.340Z","user":1,"content_type":26,"object_id":"28","object_repr":"28","action_flag":3,"change_message":""}},{"model":"admin.logentry","pk":325,"fields":{"action_time":"2024-05-11T19:39:22.345Z","user":1,"content_type":26,"object_id":"29","object_repr":"29","action_flag":3,"change_message":""}},{"model":"admin.logentry","pk":326,"fields":{"action_time":"2024-05-11T19:39:22.360Z","user":1,"content_type":26,"object_id":"30","object_repr":"30","action_flag":3,"change_message":""}},{"model":"admin.logentry","pk":327,"fields":{"action_time":"2024-05-11T19:39:22.377Z","user":1,"content_type":26,"object_id":"31","object_repr":"31","action_flag":3,"change_message":""}},{"model":"admin.logentry","pk":328,"fields":{"action_time":"2024-05-11T19:39:22.380Z","user":1,"content_type":26,"object_id":"32","object_repr":"32","action_flag":3,"change_message":""}},{"model":"admin.logentry","pk":329,"fields":{"action_time":"2024-05-11T19:39:22.392Z","user":1,"content_type":26,"object_id":"33","object_repr":"33","action_flag":3,"change_message":""}},{"model":"admin.logentry","pk":330,"fields":{"action_time":"2024-05-11T19:39:22.407Z","user":1,"content_type":26,"object_id":"34","object_repr":"34","action_flag":3,"change_message":""}},{"model":"admin.logentry","pk":331,"fields":{"action_time":"2024-05-11T19:39:22.424Z","user":1,"content_type":26,"object_id":"35","object_repr":"35","action_flag":3,"change_message":""}},{"model":"admin.logentry","pk":332,"fields":{"action_time":"2024-05-11T19:39:22.424Z","user":1,"content_type":26,"object_id":"36","object_repr":"36","action_flag":3,"change_message":""}},{"model":"admin.logentry","pk":333,"fields":{"action_time":"2024-05-11T19:39:22.440Z","user":1,"content_type":26,"object_id":"37","object_repr":"37","action_flag":3,"change_message":""}},{"model":"admin.logentry","pk":334,"fields":{"action_time":"2024-05-11T19:39:22.455Z","user":1,"content_type":26,"object_id":"38","object_repr":"38","action_flag":3,"change_message":""}},{"model":"admin.logentry","pk":335,"fields":{"action_time":"2024-05-11T19:39:22.470Z","user":1,"content_type":26,"object_id":"39","object_repr":"39","action_flag":3,"change_message":""}},{"model":"admin.logentry","pk":336,"fields":{"action_time":"2024-05-11T19:39:22.474Z","user":1,"content_type":26,"object_id":"40","object_repr":"40","action_flag":3,"change_message":""}},{"model":"admin.logentry","pk":337,"fields":{"action_time":"2024-05-11T19:39:22.485Z","user":1,"content_type":26,"object_id":"41","object_repr":"41","action_flag":3,"change_message":""}},{"model":"admin.logentry","pk":338,"fields":{"action_time":"2024-05-11T19:39:22.501Z","user":1,"content_type":26,"object_id":"42","object_repr":"42","action_flag":3,"change_message":""}},{"model":"admin.logentry","pk":339,"fields":{"action_time":"2024-05-11T19:39:22.517Z","user":1,"content_type":26,"object_id":"43","object_repr":"43","action_flag":3,"change_message":""}},{"model":"admin.logentry","pk":340,"fields":{"action_time":"2024-05-11T19:39:22.533Z","user":1,"content_type":26,"object_id":"44","object_repr":"44","action_flag":3,"change_message":""}},{"model":"admin.logentry","pk":341,"fields":{"action_time":"2024-05-11T19:39:22.543Z","user":1,"content_type":26,"object_id":"45","object_repr":"45","action_flag":3,"change_message":""}},{"model":"admin.logentry","pk":342,"fields":{"action_time":"2024-05-11T19:39:22.550Z","user":1,"content_type":26,"object_id":"46","object_repr":"46","action_flag":3,"change_message":""}},{"model":"admin.logentry","pk":343,"fields":{"action_time":"2024-05-11T19:39:22.565Z","user":1,"content_type":26,"object_id":"47","object_repr":"47","action_flag":3,"change_message":""}},{"model":"admin.logentry","pk":344,"fields":{"action_time":"2024-05-11T19:39:22.565Z","user":1,"content_type":26,"object_id":"48","object_repr":"48","action_flag":3,"change_message":""}},{"model":"admin.logentry","pk":345,"fields":{"action_time":"2024-05-11T19:39:22.581Z","user":1,"content_type":26,"object_id":"49","object_repr":"49","action_flag":3,"change_message":""}},{"model":"admin.logentry","pk":346,"fields":{"action_time":"2024-05-11T19:39:22.596Z","user":1,"content_type":26,"object_id":"50","object_repr":"50","action_flag":3,"change_message":""}},{"model":"admin.logentry","pk":347,"fields":{"action_time":"2024-05-11T19:39:22.613Z","user":1,"content_type":26,"object_id":"51","object_repr":"51","action_flag":3,"change_message":""}},{"model":"admin.logentry","pk":348,"fields":{"action_time":"2024-05-11T19:39:22.619Z","user":1,"content_type":26,"object_id":"52","object_repr":"52","action_flag":3,"change_message":""}},{"model":"admin.logentry","pk":349,"fields":{"action_time":"2024-05-11T19:39:22.632Z","user":1,"content_type":26,"object_id":"53","object_repr":"53","action_flag":3,"change_message":""}},{"model":"admin.logentry","pk":350,"fields":{"action_time":"2024-05-11T19:39:22.646Z","user":1,"content_type":26,"object_id":"54","object_repr":"54","action_flag":3,"change_message":""}},{"model":"admin.logentry","pk":351,"fields":{"action_time":"2024-05-11T19:39:22.657Z","user":1,"content_type":26,"object_id":"55","object_repr":"55","action_flag":3,"change_message":""}},{"model":"admin.logentry","pk":352,"fields":{"action_time":"2024-05-11T19:39:22.663Z","user":1,"content_type":26,"object_id":"56","object_repr":"56","action_flag":3,"change_message":""}},{"model":"admin.logentry","pk":353,"fields":{"action_time":"2024-05-11T19:39:22.676Z","user":1,"content_type":26,"object_id":"57","object_repr":"57","action_flag":3,"change_message":""}},{"model":"admin.logentry","pk":354,"fields":{"action_time":"2024-05-11T19:39:22.693Z","user":1,"content_type":26,"object_id":"58","object_repr":"58","action_flag":3,"change_message":""}},{"model":"admin.logentry","pk":355,"fields":{"action_time":"2024-05-11T19:39:22.705Z","user":1,"content_type":26,"object_id":"59","object_repr":"59","action_flag":3,"change_message":""}},{"model":"admin.logentry","pk":356,"fields":{"action_time":"2024-05-11T19:39:22.708Z","user":1,"content_type":26,"object_id":"60","object_repr":"60","action_flag":3,"change_message":""}},{"model":"admin.logentry","pk":357,"fields":{"action_time":"2024-05-11T19:39:22.723Z","user":1,"content_type":26,"object_id":"61","object_repr":"61","action_flag":3,"change_message":""}},{"model":"admin.logentry","pk":358,"fields":{"action_time":"2024-05-11T19:39:22.739Z","user":1,"content_type":26,"object_id":"62","object_repr":"62","action_flag":3,"change_message":""}},{"model":"admin.logentry","pk":359,"fields":{"action_time":"2024-05-11T19:39:22.741Z","user":1,"content_type":26,"object_id":"63","object_repr":"63","action_flag":3,"change_message":""}},{"model":"admin.logentry","pk":360,"fields":{"action_time":"2024-05-11T19:39:22.755Z","user":1,"content_type":26,"object_id":"64","object_repr":"64","action_flag":3,"change_message":""}},{"model":"admin.logentry","pk":361,"fields":{"action_time":"2024-05-11T19:39:22.771Z","user":1,"content_type":26,"object_id":"65","object_repr":"65","action_flag":3,"change_message":""}},{"model":"admin.logentry","pk":362,"fields":{"action_time":"2024-05-11T19:39:22.782Z","user":1,"content_type":26,"object_id":"66","object_repr":"66","action_flag":3,"change_message":""}},{"model":"admin.logentry","pk":363,"fields":{"action_time":"2024-05-11T19:39:22.797Z","user":1,"content_type":26,"object_id":"67","object_repr":"67","action_flag":3,"change_message":""}},{"model":"admin.logentry","pk":364,"fields":{"action_time":"2024-05-18T19:20:15.599Z","user":1,"content_type":3,"object_id":"1","object_repr":"social","action_flag":1,"change_message":"[{\"added\": {}}]"}},{"model":"admin.logentry","pk":365,"fields":{"action_time":"2024-05-18T22:34:48.841Z","user":1,"content_type":26,"object_id":"72","object_repr":"72","action_flag":2,"change_message":"[{\"changed\": {\"fields\": [\"Admin created\"]}}]"}},{"model":"admin.logentry","pk":366,"fields":{"action_time":"2024-05-18T22:56:10.441Z","user":1,"content_type":7,"object_id":"15","object_repr":"Треугольники, четырёхугольники, многоугольники и их элементы","action_flag":2,"change_message":"[{\"changed\": {\"fields\": [\"\\u041d\\u043e\\u043c\\u0435\\u0440\"]}}]"}},{"model":"auth.permission","pk":1,"fields":{"name":"Can add log entry","content_type":1,"codename":"add_logentry"}},{"model":"auth.permission","pk":2,"fields":{"name":"Can change log entry","content_type":1,"codename":"change_logentry"}},{"model":"auth.permission","pk":3,"fields":{"name":"Can delete log entry","content_type":1,"codename":"delete_logentry"}},{"model":"auth.permission","pk":4,"fields":{"name":"Can view log entry","content_type":1,"codename":"view_logentry"}},{"model":"auth.permission","pk":5,"fields":{"name":"Can add permission","content_type":2,"codename":"add_permission"}},{"model":"auth.permission","pk":6,"fields":{"name":"Can change permission","content_type":2,"codename":"change_permission"}},{"model":"auth.permission","pk":7,"fields":{"name":"Can delete permission","content_type":2,"codename":"delete_permission"}},{"model":"auth.permission","pk":8,"fields":{"name":"Can view permission","content_type":2,"codename":"view_permission"}},{"model":"auth.permission","pk":9,"fields":{"name":"Can add group","content_type":3,"codename":"add_group"}},{"model":"auth.permission","pk":10,"fields":{"name":"Can change group","content_type":3,"codename":"change_group"}},{"model":"auth.permission","pk":11,"fields":{"name":"Can delete group","content_type":3,"codename":"delete_group"}},{"model":"auth.permission","pk":12,"fields":{"name":"Can view group","content_type":3,"codename":"view_group"}},{"model":"auth.permission","pk":13,"fields":{"name":"Can add user","content_type":4,"codename":"add_user"}},{"model":"auth.permission","pk":14,"fields":{"name":"Can change user","content_type":4,"codename":"change_user"}},{"model":"auth.permission","pk":15,"fields":{"name":"Can delete user","content_type":4,"codename":"delete_user"}},{"model":"auth.permission","pk":16,"fields":{"name":"Can view user","content_type":4,"codename":"view_user"}},{"model":"auth.permission","pk":17,"fields":{"name":"Can add content type","content_type":5,"codename":"add_contenttype"}},{"model":"auth.permission","pk":18,"fields":{"name":"Can change content type","content_type":5,"codename":"change_contenttype"}},{"model":"auth.permission","pk":19,"fields":{"name":"Can delete content type","content_type":5,"codename":"delete_contenttype"}},{"model":"auth.permission","pk":20,"fields":{"name":"Can view content type","content_type":5,"codename":"view_contenttype"}},{"model":"auth.permission","pk":21,"fields":{"name":"Can add session","content_type":6,"codename":"add_session"}},{"model":"auth.permission","pk":22,"fields":{"name":"Can change session","content_type":6,"codename":"change_session"}},{"model":"auth.permission","pk":23,"fields":{"name":"Can delete session","content_type":6,"codename":"delete_session"}},{"model":"auth.permission","pk":24,"fields":{"name":"Can view session","content_type":6,"codename":"view_session"}},{"model":"auth.permission","pk":25,"fields":{"name":"Can add category","content_type":7,"codename":"add_category"}},{"model":"auth.permission","pk":26,"fields":{"name":"Can change category","content_type":7,"codename":"change_category"}},{"model":"auth.permission","pk":27,"fields":{"name":"Can delete category","content_type":7,"codename":"delete_category"}},{"model":"auth.permission","pk":28,"fields":{"name":"Can view category","content_type":7,"codename":"view_category"}},{"model":"auth.permission","pk":29,"fields":{"name":"Can add exercise","content_type":8,"codename":"add_exercise"}},{"model":"auth.permission","pk":30,"fields":{"name":"Can change exercise","content_type":8,"codename":"change_exercise"}},{"model":"auth.permission","pk":31,"fields":{"name":"Can delete exercise","content_type":8,"codename":"delete_exercise"}},{"model":"auth.permission","pk":32,"fields":{"name":"Can view exercise","content_type":8,"codename":"view_exercise"}},{"model":"auth.permission","pk":33,"fields":{"name":"Can add test","content_type":9,"codename":"add_test"}},{"model":"auth.permission","pk":34,"fields":{"name":"Can change test","content_type":9,"codename":"change_test"}},{"model":"auth.permission","pk":35,"fields":{"name":"Can delete test","content_type":9,"codename":"delete_test"}},{"model":"auth.permission","pk":36,"fields":{"name":"Can view test","content_type":9,"codename":"view_test"}},{"model":"auth.permission","pk":37,"fields":{"name":"Can add subcategory","content_type":10,"codename":"add_subcategory"}},{"model":"auth.permission","pk":38,"fields":{"name":"Can change subcategory","content_type":10,"codename":"change_subcategory"}},{"model":"auth.permission","pk":39,"fields":{"name":"Can delete subcategory","content_type":10,"codename":"delete_subcategory"}},{"model":"auth.permission","pk":40,"fields":{"name":"Can view subcategory","content_type":10,"codename":"view_subcategory"}},{"model":"auth.permission","pk":41,"fields":{"name":"Can add answer","content_type":11,"codename":"add_answer"}},{"model":"auth.permission","pk":42,"fields":{"name":"Can change answer","content_type":11,"codename":"change_answer"}},{"model":"auth.permission","pk":43,"fields":{"name":"Can delete answer","content_type":11,"codename":"delete_answer"}},{"model":"auth.permission","pk":44,"fields":{"name":"Can view answer","content_type":11,"codename":"view_answer"}},{"model":"auth.permission","pk":45,"fields":{"name":"Can add variant","content_type":12,"codename":"add_variant"}},{"model":"auth.permission","pk":46,"fields":{"name":"Can change variant","content_type":12,"codename":"change_variant"}},{"model":"auth.permission","pk":47,"fields":{"name":"Can delete variant","content_type":12,"codename":"delete_variant"}},{"model":"auth.permission","pk":48,"fields":{"name":"Can view variant","content_type":12,"codename":"view_variant"}},{"model":"auth.permission","pk":49,"fields":{"name":"Can add Category","content_type":13,"codename":"add_category"}},{"model":"auth.permission","pk":50,"fields":{"name":"Can change Category","content_type":13,"codename":"change_category"}},{"model":"auth.permission","pk":51,"fields":{"name":"Can delete Category","content_type":13,"codename":"delete_category"}},{"model":"auth.permission","pk":52,"fields":{"name":"Can view Category","content_type":13,"codename":"view_category"}},{"model":"auth.permission","pk":53,"fields":{"name":"Can add Question","content_type":14,"codename":"add_question"}},{"model":"auth.permission","pk":54,"fields":{"name":"Can change Question","content_type":14,"codename":"change_question"}},{"model":"auth.permission","pk":55,"fields":{"name":"Can delete Question","content_type":14,"codename":"delete_question"}},{"model":"auth.permission","pk":56,"fields":{"name":"Can view Question","content_type":14,"codename":"view_question"}},{"model":"auth.permission","pk":57,"fields":{"name":"Can add Quiz","content_type":15,"codename":"add_quiz"}},{"model":"auth.permission","pk":58,"fields":{"name":"Can change Quiz","content_type":15,"codename":"change_quiz"}},{"model":"auth.permission","pk":59,"fields":{"name":"Can delete Quiz","content_type":15,"codename":"delete_quiz"}},{"model":"auth.permission","pk":60,"fields":{"name":"Can view Quiz","content_type":15,"codename":"view_quiz"}},{"model":"auth.permission","pk":61,"fields":{"name":"Can add Essay style question","content_type":16,"codename":"add_essay_question"}},{"model":"auth.permission","pk":62,"fields":{"name":"Can change Essay style question","content_type":16,"codename":"change_essay_question"}},{"model":"auth.permission","pk":63,"fields":{"name":"Can delete Essay style question","content_type":16,"codename":"delete_essay_question"}},{"model":"auth.permission","pk":64,"fields":{"name":"Can view Essay style question","content_type":16,"codename":"view_essay_question"}},{"model":"auth.permission","pk":65,"fields":{"name":"Can add Multiple Choice Question","content_type":17,"codename":"add_mcquestion"}},{"model":"auth.permission","pk":66,"fields":{"name":"Can change Multiple Choice Question","content_type":17,"codename":"change_mcquestion"}},{"model":"auth.permission","pk":67,"fields":{"name":"Can delete Multiple Choice Question","content_type":17,"codename":"delete_mcquestion"}},{"model":"auth.permission","pk":68,"fields":{"name":"Can view Multiple Choice Question","content_type":17,"codename":"view_mcquestion"}},{"model":"auth.permission","pk":69,"fields":{"name":"Can add True/False Question","content_type":18,"codename":"add_tf_question"}},{"model":"auth.permission","pk":70,"fields":{"name":"Can change True/False Question","content_type":18,"codename":"change_tf_question"}},{"model":"auth.permission","pk":71,"fields":{"name":"Can delete True/False Question","content_type":18,"codename":"delete_tf_question"}},{"model":"auth.permission","pk":72,"fields":{"name":"Can view True/False Question","content_type":18,"codename":"view_tf_question"}},{"model":"auth.permission","pk":73,"fields":{"name":"Can add Sub-Category","content_type":19,"codename":"add_subcategory"}},{"model":"auth.permission","pk":74,"fields":{"name":"Can change Sub-Category","content_type":19,"codename":"change_subcategory"}},{"model":"auth.permission","pk":75,"fields":{"name":"Can delete Sub-Category","content_type":19,"codename":"delete_subcategory"}},{"model":"auth.permission","pk":76,"fields":{"name":"Can view Sub-Category","content_type":19,"codename":"view_subcategory"}},{"model":"auth.permission","pk":77,"fields":{"name":"Can add sitting","content_type":20,"codename":"add_sitting"}},{"model":"auth.permission","pk":78,"fields":{"name":"Can change sitting","content_type":20,"codename":"change_sitting"}},{"model":"auth.permission","pk":79,"fields":{"name":"Can delete sitting","content_type":20,"codename":"delete_sitting"}},{"model":"auth.permission","pk":80,"fields":{"name":"Can view sitting","content_type":20,"codename":"view_sitting"}},{"model":"auth.permission","pk":81,"fields":{"name":"Can see completed exams.","content_type":20,"codename":"view_sittings"}},{"model":"auth.permission","pk":82,"fields":{"name":"Can add User Progress","content_type":21,"codename":"add_progress"}},{"model":"auth.permission","pk":83,"fields":{"name":"Can change User Progress","content_type":21,"codename":"change_progress"}},{"model":"auth.permission","pk":84,"fields":{"name":"Can delete User Progress","content_type":21,"codename":"delete_progress"}},{"model":"auth.permission","pk":85,"fields":{"name":"Can view User Progress","content_type":21,"codename":"view_progress"}},{"model":"auth.permission","pk":86,"fields":{"name":"Can add Answer","content_type":22,"codename":"add_answer"}},{"model":"auth.permission","pk":87,"fields":{"name":"Can change Answer","content_type":22,"codename":"change_answer"}},{"model":"auth.permission","pk":88,"fields":{"name":"Can delete Answer","content_type":22,"codename":"delete_answer"}},{"model":"auth.permission","pk":89,"fields":{"name":"Can view Answer","content_type":22,"codename":"view_answer"}},{"model":"auth.permission","pk":90,"fields":{"name":"Can add user","content_type":23,"codename":"add_user"}},{"model":"auth.permission","pk":91,"fields":{"name":"Can change user","content_type":23,"codename":"change_user"}},{"model":"auth.permission","pk":92,"fields":{"name":"Can delete user","content_type":23,"codename":"delete_user"}},{"model":"auth.permission","pk":93,"fields":{"name":"Can view user","content_type":23,"codename":"view_user"}},{"model":"auth.permission","pk":94,"fields":{"name":"Can add test attempt","content_type":24,"codename":"add_testattempt"}},{"model":"auth.permission","pk":95,"fields":{"name":"Can change test attempt","content_type":24,"codename":"change_testattempt"}},{"model":"auth.permission","pk":96,"fields":{"name":"Can delete test attempt","content_type":24,"codename":"delete_testattempt"}},{"model":"auth.permission","pk":97,"fields":{"name":"Can view test attempt","content_type":24,"codename":"view_testattempt"}},{"model":"auth.permission","pk":98,"fields":{"name":"Can add exam attempt","content_type":25,"codename":"add_examattempt"}},{"model":"auth.permission","pk":99,"fields":{"name":"Can change exam attempt","content_type":25,"codename":"change_examattempt"}},{"model":"auth.permission","pk":100,"fields":{"name":"Can delete exam attempt","content_type":25,"codename":"delete_examattempt"}},{"model":"auth.permission","pk":101,"fields":{"name":"Can view exam attempt","content_type":25,"codename":"view_examattempt"}},{"model":"auth.permission","pk":102,"fields":{"name":"Can add exam","content_type":26,"codename":"add_exam"}},{"model":"auth.permission","pk":103,"fields":{"name":"Can change exam","content_type":26,"codename":"change_exam"}},{"model":"auth.permission","pk":104,"fields":{"name":"Can delete exam","content_type":26,"codename":"delete_exam"}},{"model":"auth.permission","pk":105,"fields":{"name":"Can view exam","content_type":26,"codename":"view_exam"}},{"model":"auth.permission","pk":106,"fields":{"name":"Can add association","content_type":27,"codename":"add_association"}},{"model":"auth.permission","pk":107,"fields":{"name":"Can change association","content_type":27,"codename":"change_association"}},{"model":"auth.permission","pk":108,"fields":{"name":"Can delete association","content_type":27,"codename":"delete_association"}},{"model":"auth.permission","pk":109,"fields":{"name":"Can view association","content_type":27,"codename":"view_association"}},{"model":"auth.permission","pk":110,"fields":{"name":"Can add code","content_type":28,"codename":"add_code"}},{"model":"auth.permission","pk":111,"fields":{"name":"Can change code","content_type":28,"codename":"change_code"}},{"model":"auth.permission","pk":112,"fields":{"name":"Can delete code","content_type":28,"codename":"delete_code"}},{"model":"auth.permission","pk":113,"fields":{"name":"Can view code","content_type":28,"codename":"view_code"}},{"model":"auth.permission","pk":114,"fields":{"name":"Can add nonce","content_type":29,"codename":"add_nonce"}},{"model":"auth.permission","pk":115,"fields":{"name":"Can change nonce","content_type":29,"codename":"change_nonce"}},{"model":"auth.permission","pk":116,"fields":{"name":"Can delete nonce","content_type":29,"codename":"delete_nonce"}},{"model":"auth.permission","pk":117,"fields":{"name":"Can view nonce","content_type":29,"codename":"view_nonce"}},{"model":"auth.permission","pk":118,"fields":{"name":"Can add user social auth","content_type":30,"codename":"add_usersocialauth"}},{"model":"auth.permission","pk":119,"fields":{"name":"Can change user social auth","content_type":30,"codename":"change_usersocialauth"}},{"model":"auth.permission","pk":120,"fields":{"name":"Can delete user social auth","content_type":30,"codename":"delete_usersocialauth"}},{"model":"auth.permission","pk":121,"fields":{"name":"Can view user social auth","content_type":30,"codename":"view_usersocialauth"}},{"model":"auth.permission","pk":122,"fields":{"name":"Can add partial","content_type":31,"codename":"add_partial"}},{"model":"auth.permission","pk":123,"fields":{"name":"Can change partial","content_type":31,"codename":"change_partial"}},{"model":"auth.permission","pk":124,"fields":{"name":"Can delete partial","content_type":31,"codename":"delete_partial"}},{"model":"auth.permission","pk":125,"fields":{"name":"Can view partial","content_type":31,"codename":"view_partial"}},{"model":"auth.permission","pk":126,"fields":{"name":"Social Auth","content_type":23,"codename":"social_auth"}},{"model":"auth.group","pk":1,"fields":{"name":"social","permissions":[126]}},{"model":"contenttypes.contenttype","pk":1,"fields":{"app_label":"admin","model":"logentry"}},{"model":"contenttypes.contenttype","pk":2,"fields":{"app_label":"auth","model":"permission"}},{"model":"contenttypes.contenttype","pk":3,"fields":{"app_label":"auth","model":"group"}},{"model":"contenttypes.contenttype","pk":4,"fields":{"app_label":"auth","model":"user"}},{"model":"contenttypes.contenttype","pk":5,"fields":{"app_label":"contenttypes","model":"contenttype"}},{"model":"contenttypes.contenttype","pk":6,"fields":{"app_label":"sessions","model":"session"}},{"model":"contenttypes.contenttype","pk":7,"fields":{"app_label":"math_app","model":"category"}},{"model":"contenttypes.contenttype","pk":8,"fields":{"app_label":"math_app","model":"exercise"}},{"model":"contenttypes.contenttype","pk":9,"fields":{"app_label":"math_app","model":"test"}},{"model":"contenttypes.contenttype","pk":10,"fields":{"app_label":"math_app","model":"subcategory"}},{"model":"contenttypes.contenttype","pk":11,"fields":{"app_label":"math_app","model":"answer"}},{"model":"contenttypes.contenttype","pk":12,"fields":{"app_label":"exam","model":"variant"}},{"model":"contenttypes.contenttype","pk":13,"fields":{"app_label":"quiz","model":"category"}},{"model":"contenttypes.contenttype","pk":14,"fields":{"app_label":"quiz","model":"question"}},{"model":"contenttypes.contenttype","pk":15,"fields":{"app_label":"quiz","model":"quiz"}},{"model":"contenttypes.contenttype","pk":16,"fields":{"app_label":"quiz","model":"essay_question"}},{"model":"contenttypes.contenttype","pk":17,"fields":{"app_label":"quiz","model":"mcquestion"}},{"model":"contenttypes.contenttype","pk":18,"fields":{"app_label":"quiz","model":"tf_question"}},{"model":"contenttypes.contenttype","pk":19,"fields":{"app_label":"quiz","model":"subcategory"}},{"model":"contenttypes.contenttype","pk":20,"fields":{"app_label":"quiz","model":"sitting"}},{"model":"contenttypes.contenttype","pk":21,"fields":{"app_label":"quiz","model":"progress"}},{"model":"contenttypes.contenttype","pk":22,"fields":{"app_label":"quiz","model":"answer"}},{"model":"contenttypes.contenttype","pk":23,"fields":{"app_label":"users","model":"user"}},{"model":"contenttypes.contenttype","pk":24,"fields":{"app_label":"exam","model":"testattempt"}},{"model":"contenttypes.contenttype","pk":25,"fields":{"app_label":"exam","model":"examattempt"}},{"model":"contenttypes.contenttype","pk":26,"fields":{"app_label":"exam","model":"exam"}},{"model":"contenttypes.contenttype","pk":27,"fields":{"app_label":"social_django","model":"association"}},{"model":"contenttypes.contenttype","pk":28,"fields":{"app_label":"social_django","model":"code"}},{"model":"contenttypes.contenttype","pk":29,"fields":{"app_label":"social_django","model":"nonce"}},{"model":"contenttypes.contenttype","pk":30,"fields":{"app_label":"social_django","model":"usersocialauth"}},{"model":"contenttypes.contenttype","pk":31,"fields":{"app_label":"social_django","model":"partial"}},{"model":"sessions.session","pk":"0um7j52m5xet7p92p93lbc0d9s8j0erm","fields":{"session_data":".eJxVjMsOwiAUBf-FtSHQcgVcuu83NPcBUjU0Ke3K-O_apAvdnpk5LzXitpZxa2kZJ1EXZdXpdyPkR6o7kDvW26x5rusykd4VfdCmh1nS83q4fwcFW_nWng0LObbZUoDE5Cl2AMH0AnDmiDZZoOh9BuiBHQh2DjA4QcMpo3p_APG_OFw:1s2Alo:OnkR0eQZwNA6LKXws-Q8AGFWY1OzXgAkvkJIrjjbfaA","expire_date":"2024-05-15T14:17:16.220Z"}},{"model":"sessions.session","pk":"1whtttughachvq9tpredzixjhqzevc2g","fields":{"session_data":"e30:1s2B2r:aBJuH2HL8smr8AJ4o9mbQoi6vC354CIpfSQxBsm-xF4","expire_date":"2024-05-15T14:34:53.616Z"}},{"model":"sessions.session","pk":"4goc08efl494986uqu16hroq7ze6xaqe","fields":{"session_data":"e30:1s2B5J:kPLySPfPNWsa0nThzL8tTp8E5Zg4MqNyHokWimfmzwg","expire_date":"2024-05-15T14:37:25.447Z"}},{"model":"sessions.session","pk":"81fdmkfuwdwgcufqoysmmfpffydchnjy","fields":{"session_data":".eJxVjMEOwiAQRP-FsyFg2ZX16L3fQGChUjWQlPZk_Hdp0oNeZpJ5M_MWzm9rdltLi5ujuAotTr9Z8PxMZQfx4cu9Sq5lXeYg94o8aJNjjel1O7p_B9m33NfGgoldiGgADcCq-4RWKRXpjDhoNsR6Ag9-ALCUQrygQWJko9GKzxeWQzYa:1s8S1B:FnxuSOMg3jHq-tp3E20YXEDeAmQYjwpqhHzJjuKbVok","expire_date":"2024-06-01T21:55:05.285Z"}},{"model":"sessions.session","pk":"8b4bxrmmcmgai7acn1uwktwtjr0fsnfc","fields":{"session_data":".eJw9ikEKgzAQRe8y66y0i5KrFBmG-AuBVGVmiqHi3StR3L33398IFZqywbhkc4qv_hG65xBozT_RkVHlwydT3MgcC8XpW0pozKO4HGG_9J0L7HRUV7n7MaRZFclZJluh7bX_AcTwLxA:1qzoJv:SQV9zMRa09H6TtLHs5PJBC8kqDo4c_CZTqXG_quRLsk","expire_date":"2023-11-20T01:22:27.712Z"}},{"model":"sessions.session","pk":"8ewqnly77usvfasq45nplkd4v5mz0bsc","fields":{"session_data":".eJxVjt1qxCAQhd_F6xD8iXGTy973CUqRiY6N7VYXx9DCsu_eCF50Ya6-853h3JmFo-72ICw2erayiQ3_2QbuC1ML_Cekjzy6nGqJ29iUsac0vmaP15fuPj3YgfazvaiL4NpPgAEkcAx6Q5wcOGEwLEKFgGLWysvAT6YWCfNktNFKBDNfoK3CXywuEpK9RqpsfRNyEOp9YBWpknX5SI3KgZ_MR1ftDUqV9pZjqsTW-6NjSPSDpZMav_Hcx_nazrDuuFwKPruPP741ZHg:1s2c7e:Fh1xbsBV8cGc-jS6F09ZbJGWwcOCZlA3GbTx5v928kE","expire_date":"2024-05-16T19:29:38.117Z"}},{"model":"sessions.session","pk":"bm2vlzbdth8ev9dd9frjyke6a5ridjk6","fields":{"session_data":"e30:1s5oxf:XkY3bhsCAXMrUWMzPPwmkxkp4azKu-yD89-FEwgQej8","expire_date":"2024-05-25T15:48:35.800Z"}},{"model":"sessions.session","pk":"coc1zk62oo5iyd45lvqnhwowbv06tg4t","fields":{"session_data":".eJxVykEKgCAQQNG7zNqFJG28SoSIzWKgVGYmCsS7V-Am-KvHb4A3ciJBCTuJgl-cWw0oikpI5cwfzca-tlHSUCPrFGqhrAK-9cExy4U8ROlA8GCt_3IwnlSY8f_2B0ebLIg:1s2B2q:M6clq8xWLIxHfpz-WbQJ1kGSYqvakYOafhESMwIa-48","expire_date":"2024-05-15T14:34:52.223Z"}},{"model":"sessions.session","pk":"huxmdc0gay944fs2qhwzvimuc1o19rcf","fields":{"session_data":".eJxVyjEKgDAMQNG7ZO5QRZdeRaSUmiGgbUkiCsW7a6GL8KfHr4A3ciRB8TuJgluG1YCiqPiYz9RkNvazjaL6ElhHXzIlFXD16RySXMhdlA4EB9a61gT9iZkZ_-_zAinuLFQ:1s2AgV:lFxP0etXVHNAEkYFiqDTDQw0MjDF-QKWr8Z0PhhMfHk","expire_date":"2024-05-15T14:11:47.059Z"}},{"model":"sessions.session","pk":"idwdnbyws6f5gfx7lo1des692350fmqv","fields":{"session_data":".eJxVj8tOxDAMRf8l66pK2po-luz5AoQix3FpYEhGcSqQRvPvNKgLRvLq3OMr-6Ys7mWzu3C2watFGdX8Zw7pk2MN_AfG99RSiiUH11alPVNpX5Lny_PpPhRsKNuxPZIm7wYyq3ETMLnRzR3ApHsP8EQzGjbg5nFcAXqgATx2A-A0eNTEKx6l_MOZgrDYS5Cilte-f2tUYSliKe2xImj0wXygYq-YS2evKcQiarndT4xRvjmfpIQvPo7TeqlTX_9zKOXMj-79F8noZBU:1s2qQn:wGEp41MZnd4tWSPlV-ZNZK7RDeadvp7CB6qgSMgCof8","expire_date":"2024-05-17T10:46:21.135Z"}},{"model":"sessions.session","pk":"r1j34ldk4kbjuvu6wxbvonq5boabxvwg","fields":{"session_data":".eJxVjsEOgjAQRP-lZ0MKtIV6k5jgTY0nT023bIGIEGmbmBj_XVAOctpkNu_NvEjd-iaAcl57JFsSLmWh2d7o_BrOO2DsfnrWFh--48VwgJpsiNLBNyo4HFVbTYhcZ6DNDfv54QbT6k6ZYcRoSV3064vK7znuJixZ8412zWzlmCexSAByGuc0YzaOETMBgopK0tTI1FqokEtueVJlTArKDYjUSiaNwUm69H_VnXZedUPd9n8Df1vI-wO4BlfU:1s8PIx:gQKJRKeTnnbzEY3PBK-fDtjPy56GgmvwkbtdPbYuBXU","expire_date":"2024-06-01T19:01:15.300Z"}},{"model":"sessions.session","pk":"rdphkbor2r5wyhx1l5oprpsur7dy5ri4","fields":{"session_data":".eJxVjMEKwyAQBf_Fc5FsNBpz7L1fUIrouja2IUJMoFD67zWQQ3t9M2_ezLptHe1WaLEpsIEBO_1u3uGT5h2Eh5vvmWOe1yV5viv8oIVfcqDpfLh_gdGVsb5120PTdNjIHrzuEVpwqGTUCmQXQoTYRhGDF0agIAmVK28MoAGDqF2N0osWTIWKnVJZ2XCF2-cLkrg-rg:1ql6Rb:yp1U-gXtXG2Keg1C2g-H7OAl2TLh_sjeofMUz4iIJK0","expire_date":"2023-10-10T11:41:35.523Z"}},{"model":"sessions.session","pk":"ugg232kkchcogspc19gk6df2q7qozzpa","fields":{"session_data":".eJxVj8tqwzAQRf9F68FoJPkhL7vvF5QiZElu3DpykGRaCPn32q0zITCLw9wzF-bKwk9Ibsohm3nKhfVvUoIEAQpqaAA1dKABOSACChA1iAZECxLfgZWQSzZuWeN-uLn70k-umItNRZjLMsWSWX9lSrGeIbsdsY35O6T_pGF9XOcZmGqJOiJ9p5rfiQ7IJ51sJFuKOwkkeuwkkSKq6ZaKJTUran78VKZz2JjzfhvJ2fGlW1IKT99urrFrOZk1h2Qm_1fwtBus-wpxD_ynjR9L5ZZY0jRUu1Idaa5eFx_ml8N9KjjZfNquW9Eh57XjqsOh7RwKtK5RY9ugqr0fcRSjHP0gtXQyKNzyZtAanUbtXGvZ7RcMEaF7:1s07WG:vBoK2qSdH4jKZOJnwywFwTzJKbgt122V5GoigBeWDPg","expire_date":"2024-05-09T22:24:44.617Z"}},{"model":"sessions.session","pk":"ww41nxdhl2uunq0scnusb4fcew2pc9sm","fields":{"session_data":".eJxVjMEOwiAQRP-FsyFg2ZX16L3fQGChUjWQlPZk_Hdp0oNeZpJ5M_MWzm9rdltLi5ujuAotTr9Z8PxMZQfx4cu9Sq5lXeYg94o8aJNjjel1O7p_B9m33NfGgoldiGgADcCq-4RWKRXpjDhoNsR6Ag9-ALCUQrygQWJko9GKzxeWQzYa:1s8Ofp:_yn2qcIzudVk-HRoD6Q7tD2n0ycpa5E6nQp1_aiMETY","expire_date":"2024-06-01T18:20:49.724Z"}},{"model":"sessions.session","pk":"y5mu8uibvf8jfz5mpja1psql92l426cz","fields":{"session_data":".eJx9kN1qxCAQhd9lrkNw1Pxe9r5PUIqY0XRts2ZRQwvLvntNmkCXlgXBw5w53zBzBftlA7loo5pcTNC_YCFeC1B6SSe1RBuUM9ADwl1t0PRh_WqYd-3f5pJmn4IbyrWl3N1YPs_GTk977x3gpOMppxveImMVMdni0LSEHDXVcmxqlJUxI458FKMZRCdIWInZr4euQ-qwI2p0hiZ3tpnEWL8-mSvGUVI0h2Dzr338tCFCf73tjvN_vbxf75dpKkAcQh6iOgRnP-oA_RfnDznZLqDezpkhv0PABTwcvk286JC4uszOp22j2zdk8Iz7:1qsqkO:jFG5hj8YDlYYEoPS5hWkhkg3tr7fOjG1Lzx6lyBxmvU","expire_date":"2023-10-31T20:33:00.155Z"}},{"model":"math_app.category","pk":1,"fields":{"number":"1-5","title":"Первые пять номеров","slug":"pervye-pyat-nomerov"}},{"model":"math_app.category","pk":6,"fields":{"number":6,"title":"Числа и вычисления","slug":"chisla-i-vychisleniya"}},{"model":"math_app.category","pk":7,"fields":{"number":7,"title":"Числовые неравенства, координатная прямая","slug":"chislovye-neravenstva-koordinatnaya-pryamaya"}},{"model":"math_app.category","pk":8,"fields":{"number":8,"title":"Числа, вычисления и алгебраические выражения","slug":"chisla-vychisleniya-i-algebraicheskie-vyrazheniya"}},{"model":"math_app.category","pk":9,"fields":{"number":9,"title":"Уравнения, системы уравнений","slug":"uravneniya-sistemy-uravnenij"}},{"model":"math_app.category","pk":10,"fields":{"number":10,"title":"Статистика, вероятности","slug":"statistika-veroyatnosti"}},{"model":"math_app.category","pk":11,"fields":{"number":11,"title":"Графики функций","slug":"grafiki-funkcij"}},{"model":"math_app.category","pk":12,"fields":{"number":12,"title":"Расчеты по формулам","slug":"raschety-po-formulam"}},{"model":"math_app.category","pk":13,"fields":{"number":13,"title":"Не­ра­вен­ства, системы неравенств","slug":"neravenstva-sistemy-neravenstv"}},{"model":"math_app.category","pk":14,"fields":{"number":14,"title":"Задачи на прогрессии","slug":"zadachi-na-progressii"}},{"model":"math_app.category","pk":15,"fields":{"number":15,"title":"Треугольники, четырёхугольники, многоугольники и их элементы","slug":"treugolniki-chetyryohugolniki-mnogougolniki-i-ih-elementy"}},{"model":"math_app.category","pk":16,"fields":{"number":16,"title":"Окружность, круг и их элементы","slug":"okruzhnost-krug-i-ih-elementy"}},{"model":"math_app.category","pk":17,"fields":{"number":17,"title":"Площади фигур","slug":"ploshadi-figur"}},{"model":"math_app.category","pk":18,"fields":{"number":18,"title":"Фигуры на квадратной решётке","slug":"figury-na-kvadratnoj-reshyotke"}},{"model":"math_app.category","pk":19,"fields":{"number":19,"title":"Анализ геометрических высказываний","slug":"analiz-geometricheskih-vyskazyvanij"}},{"model":"math_app.category","pk":20,"fields":{"number":20,"title":"Алгебраические выражения, уравнения, неравенства и их системы","slug":"algebraicheskie-vyrazheniya-uravneniya-neravenstva-i-ih-sistemy"}},{"model":"math_app.category","pk":21,"fields":{"number":21,"title":"Текстовые задачи","slug":"tekstovye-zadachi"}},{"model":"math_app.category","pk":22,"fields":{"number":22,"title":"Функции и их свойства. Графики функций","slug":"funkcii-i-ih-svojstva-grafiki-funkcij"}},{"model":"math_app.category","pk":23,"fields":{"number":23,"title":"Геометрические задачи на вычисление","slug":"geometricheskie-zadachi-na-vychislenie"}},{"model":"math_app.category","pk":24,"fields":{"number":24,"title":"Геометрические задачи на доказательство","slug":"geometricheskie-zadachi-na-dokazatelstvo"}},{"model":"math_app.category","pk":25,"fields":{"number":25,"title":"Геометрические задачи повышенной сложности","slug":"geometricheskie-zadachi-povyshennoj-slozhnosti"}},{"model":"math_app.subcategory","pk":1,"fields":{"category":1,"title":"Шины","slug":"shiny"}},{"model":"math_app.subcategory","pk":2,"fields":{"category":1,"title":"Печи","slug":"pechi"}},{"model":"math_app.subcategory","pk":3,"fields":{"category":1,"title":"Листы","slug":"listy"}},{"model":"math_app.subcategory","pk":4,"fields":{"category":1,"title":"План жилья","slug":"plan-zhilya"}},{"model":"math_app.subcategory","pk":5,"fields":{"category":1,"title":"План сельской местности","slug":"plan-selskoj-mestnosti"}},{"model":"math_app.subcategory","pk":6,"fields":{"category":6,"title":"Действия с обыкновенными дробями","slug":"dejstviya-s-obyknovennymi-drobyami"}},{"model":"math_app.subcategory","pk":7,"fields":{"category":6,"title":"Действия с десятичными дробями","slug":"dejstviya-s-desyatichnymi-drobyami"}},{"model":"math_app.subcategory","pk":8,"fields":{"category":6,"title":"Действия с обыкновенными и десятичными дробями","slug":"dejstviya-s-obyknovennymi-i-desyatichnymi-drobyami"}},{"model":"math_app.subcategory","pk":9,"fields":{"category":6,"title":"Степени","slug":"stepeni"}},{"model":"math_app.subcategory","pk":10,"fields":{"category":7,"title":"Неравенства","slug":"neravenstva"}},{"model":"math_app.subcategory","pk":11,"fields":{"category":7,"title":"Сравнение чисел","slug":"sravnenie-chisel"}},{"model":"math_app.subcategory","pk":12,"fields":{"category":7,"title":"Числа на прямой","slug":"chisla-na-pryamoj"}},{"model":"math_app.subcategory","pk":13,"fields":{"category":7,"title":"Выбор верного или неверного утверждения","slug":"vybor-vernogo-ili-nevernogo-utverzhdeniya"}},{"model":"math_app.subcategory","pk":14,"fields":{"category":8,"title":"Целые алгебраические выражения","slug":"celye-algebraicheskie-vyrazheniya"}},{"model":"math_app.subcategory","pk":15,"fields":{"category":8,"title":"Рациональные алгебраические выражения","slug":"racionalnye-algebraicheskie-vyrazheniya"}},{"model":"math_app.subcategory","pk":16,"fields":{"category":8,"title":"Степени и корни","slug":"stepeni-i-korni"}},{"model":"math_app.subcategory","pk":17,"fields":{"category":9,"title":"Линейные уравнения","slug":"linejnye-uravneniya"}},{"model":"math_app.subcategory","pk":18,"fields":{"category":9,"title":"Квадратные уравнения","slug":"kvadratnye-uravneniya"}},{"model":"math_app.subcategory","pk":19,"fields":{"category":9,"title":"Рациональные уравнения","slug":"racionalnye-uravneniya"}},{"model":"math_app.subcategory","pk":20,"fields":{"category":9,"title":"Системы уравнений","slug":"sistemy-uravnenij"}},{"model":"math_app.subcategory","pk":21,"fields":{"category":10,"title":"Классические вероятности","slug":"klassicheskie-veroyatnosti"}},{"model":"math_app.subcategory","pk":22,"fields":{"category":10,"title":"Статистика, теоремы о вероятностях событий","slug":"statistika-teoremy-o-veroyatnostyah-sobytij"}},{"model":"math_app.subcategory","pk":23,"fields":{"category":20,"title":"Алгебраические выражения","slug":"algebraicheskie-vyrazheniya"}},{"model":"math_app.subcategory","pk":24,"fields":{"category":20,"title":"Уравнения","slug":"uravneniya"}},{"model":"math_app.subcategory","pk":25,"fields":{"category":20,"title":"Неравенства","slug":"neravenstva2"}},{"model":"math_app.subcategory","pk":26,"fields":{"category":20,"title":"Системы уравнений","slug":"sistemy-uravnenij2"}},{"model":"math_app.subcategory","pk":27,"fields":{"category":20,"title":"Системы неравенств","slug":"sistemy-neravenstv2"}},{"model":"math_app.subcategory","pk":28,"fields":{"category":11,"title":"Чтение графиков функций","slug":"chtenie-grafikov-funkcij"}},{"model":"math_app.subcategory","pk":29,"fields":{"category":11,"title":"Растяжения и сдвиги","slug":"rastyazheniya-i-sdvigi"}},{"model":"math_app.subcategory","pk":30,"fields":{"category":12,"title":"Вычисление по формуле","slug":"vychislenie-po-formule"}},{"model":"math_app.subcategory","pk":32,"fields":{"category":12,"title":"Разные задачи","slug":"raznye-zadachi"}},{"model":"math_app.subcategory","pk":33,"fields":{"category":12,"title":"Линейные уравнения в текстовых задачах","slug":"linejnye-uravneniya-v-tekstovyh-zadachah"}},{"model":"math_app.subcategory","pk":34,"fields":{"category":13,"title":"Линейные неравенства","slug":"linejnye-neravenstva"}},{"model":"math_app.subcategory","pk":35,"fields":{"category":13,"title":"Квадратные неравенства","slug":"kvadratnye-neravenstva"}},{"model":"math_app.subcategory","pk":36,"fields":{"category":13,"title":"Рациональные неравенства","slug":"racionalnye-neravenstva"}},{"model":"math_app.subcategory","pk":37,"fields":{"category":13,"title":"Системы неравенств","slug":"sistemy-neravenstv"}},{"model":"math_app.subcategory","pk":38,"fields":{"category":14,"title":"Задачи ФИПИ","slug":"zadachi-fipi"}},{"model":"math_app.subcategory","pk":39,"fields":{"category":14,"title":"Арифметическая прогрессия","slug":"arifmeticheskaya-progressiya"}},{"model":"math_app.subcategory","pk":40,"fields":{"category":14,"title":"Геометрическая прогрессия","slug":"geometricheskaya-progressiya"}},{"model":"math_app.subcategory","pk":41,"fields":{"category":15,"title":"Углы","slug":"ugly"}},{"model":"math_app.subcategory","pk":42,"fields":{"category":15,"title":"Треугольники общего вида","slug":"treugolniki-obshego-vida"}},{"model":"math_app.subcategory","pk":43,"fields":{"category":15,"title":"Равнобедренные треугольники","slug":"ravnobedrennye-treugolniki"}},{"model":"math_app.subcategory","pk":44,"fields":{"category":15,"title":"Прямоугольный треугольник","slug":"pryamougolnyj-treugolnik"}},{"model":"math_app.subcategory","pk":45,"fields":{"category":15,"title":"Параллелограмм","slug":"parallelogramm"}},{"model":"math_app.subcategory","pk":46,"fields":{"category":15,"title":"Ромб","slug":"romb"}},{"model":"math_app.subcategory","pk":47,"fields":{"category":15,"title":"Трапеция","slug":"trapeciya"}},{"model":"math_app.subcategory","pk":48,"fields":{"category":15,"title":"Многоугольники","slug":"mnogougolniki"}},{"model":"math_app.subcategory","pk":49,"fields":{"category":16,"title":"Центральные и впи­сан­ные углы","slug":"centralnye-i-vpisannye-ugly"}},{"model":"math_app.subcategory","pk":50,"fields":{"category":16,"title":"Касательная, хорда, секущая, радиус","slug":"kasatelnaya-horda-sekushaya-radius"}},{"model":"math_app.subcategory","pk":51,"fields":{"category":16,"title":"Окружность, описанная вокруг многоугольника","slug":"okruzhnost-opisannaya-vokrug-mnogougolnika"}},{"model":"math_app.subcategory","pk":57,"fields":{"category":17,"title":"Площадь круга и его частей","slug":"ploshad-kruga-i-ego-chastej"}},{"model":"math_app.subcategory","pk":58,"fields":{"category":17,"title":"Площадь трапеции","slug":"ploshad-trapecii"}},{"model":"math_app.subcategory","pk":59,"fields":{"category":17,"title":"Площадь параллелограмма","slug":"ploshad-parallelogramma"}},{"model":"math_app.subcategory","pk":60,"fields":{"category":17,"title":"Площадь квадрата","slug":"ploshad-kvadrata"}},{"model":"math_app.subcategory","pk":61,"fields":{"category":17,"title":"Площадь прямоугольника","slug":"ploshad-pryamougolnika"}},{"model":"math_app.subcategory","pk":62,"fields":{"category":17,"title":"Площадь треугольника общего вида","slug":"ploshad-treugolnika-obshego-vida"}},{"model":"math_app.subcategory","pk":63,"fields":{"category":17,"title":"Площадь прямоугольного треугольника","slug":"ploshad-pryamougolnogo-treugolnika"}},{"model":"math_app.subcategory","pk":64,"fields":{"category":17,"title":"Площадь равнобедренного треугольника","slug":"ploshad-ravnobedrennogo-treugolnika"}},{"model":"math_app.subcategory","pk":73,"fields":{"category":18,"title":"Углы на квадратной решетке","slug":"ugly-na-kvadratnoj-reshetke"}},{"model":"math_app.subcategory","pk":74,"fields":{"category":18,"title":"Расстояние от точки до прямой на квадратной решетке","slug":"rasstoyanie-ot-tochki-do-pryamoj-na-kvadratnoj-reshetke"}},{"model":"math_app.subcategory","pk":75,"fields":{"category":18,"title":"Треугольники общего вида на квадратной решетке","slug":"treugolniki-obshego-vida-na-kvadratnoj-reshetke"}},{"model":"math_app.subcategory","pk":76,"fields":{"category":18,"title":"Прямоугольный треугольник на квадратной решетке","slug":"pryamougolnyj-treugolnik-na-kvadratnoj-reshetke"}},{"model":"math_app.subcategory","pk":77,"fields":{"category":18,"title":"Параллелограмм на квадратной решетке","slug":"parallelogramm-na-kvadratnoj-reshetke"}},{"model":"math_app.subcategory","pk":78,"fields":{"category":18,"title":"Ромб на квадратной решетке","slug":"romb-na-kvadratnoj-reshetke"}},{"model":"math_app.subcategory","pk":79,"fields":{"category":18,"title":"Трапеция на квадратной решетке","slug":"trapeciya-na-kvadratnoj-reshetke"}},{"model":"math_app.subcategory","pk":80,"fields":{"category":18,"title":"Многоугольники на квадратной решетке","slug":"mnogougolniki-na-kvadratnoj-reshetke"}},{"model":"math_app.subcategory","pk":81,"fields":{"category":19,"title":"Анализ геометрических высказываний","slug":"analiz-geometricheskih-vyskazyvanij"}},{"model":"math_app.subcategory","pk":82,"fields":{"category":21,"title":"Задачи на проценты, сплавы и смеси","slug":"zadachi-na-procenty-splavy-i-smesi"}},{"model":"math_app.subcategory","pk":83,"fields":{"category":21,"title":"Движение по прямой","slug":"dvizhenie-po-pryamoj"}},{"model":"math_app.subcategory","pk":84,"fields":{"category":21,"title":"Задачи на движение по воде","slug":"zadachi-na-dvizhenie-po-vode"}},{"model":"math_app.subcategory","pk":85,"fields":{"category":21,"title":"Задачи на совместную работу","slug":"zadachi-na-sovmestnuyu-rabotu"}},{"model":"math_app.subcategory","pk":86,"fields":{"category":21,"title":"Разные задачи","slug":"raznye-zadachi2"}},{"model":"math_app.subcategory","pk":87,"fields":{"category":22,"title":"Параболы","slug":"paraboly"}},{"model":"math_app.subcategory","pk":88,"fields":{"category":22,"title":"Гиперболы","slug":"giperboly"}},{"model":"math_app.subcategory","pk":89,"fields":{"category":22,"title":"Кусочно-непрерывные функции","slug":"kusochno-nepreryvnye-funkcii"}},{"model":"math_app.subcategory","pk":90,"fields":{"category":22,"title":"Разные задачи","slug":"raznye-zadachi3"}},{"model":"math_app.subcategory","pk":91,"fields":{"category":23,"title":"Углы","slug":"ugly2"}},{"model":"math_app.subcategory","pk":92,"fields":{"category":23,"title":"Треугольники","slug":"treugolniki"}},{"model":"math_app.subcategory","pk":93,"fields":{"category":23,"title":"Четырёхугольники","slug":"chetyryohugolniki"}},{"model":"math_app.subcategory","pk":94,"fields":{"category":23,"title":"Окружности","slug":"okruzhnosti"}},{"model":"math_app.subcategory","pk":95,"fields":{"category":24,"title":"Правильные многоугольники","slug":"pravilnye-mnogougolniki"}},{"model":"math_app.subcategory","pk":96,"fields":{"category":24,"title":"Треугольники и их элементы","slug":"treugolniki-i-ih-elementy"}},{"model":"math_app.subcategory","pk":97,"fields":{"category":24,"title":"Четырёхугольники и их элементы","slug":"chetyryohugolniki-i-ih-elementy"}},{"model":"math_app.subcategory","pk":98,"fields":{"category":24,"title":"Окружности и их элементы","slug":"okruzhnosti-i-ih-elementy"}},{"model":"math_app.subcategory","pk":99,"fields":{"category":25,"title":"Треугольники","slug":"treugolniki2"}},{"model":"math_app.subcategory","pk":100,"fields":{"category":25,"title":"Четырёхугольники","slug":"chetyryohugolniki2"}},{"model":"math_app.subcategory","pk":101,"fields":{"category":25,"title":"Окружности","slug":"okruzhnosti2"}},{"model":"math_app.subcategory","pk":102,"fields":{"category":25,"title":"Комбинация многоугольников и окружностей","slug":"kombinaciya-mnogougolnikov-i-okruzhnostej"}},{"model":"math_app.exercise","pk":1,"fields":{"subcategory":5,"description":"\u003Cp\u003EНа плане изображено домохозяйство по адресу: с. Авдеево, 3-й Поперечный пер., д. 13 (сторона каждой клетки на плане равна 2 м). Участок имеет прямоугольную форму. Выезд и въезд осуществляются через единственные ворота. При входе на участок справа от ворот находится баня, а слева &mdash; гараж, отмеченный на плане цифрой 7. Площадь, занятая гаражом, равна 32 кв. м. Жилой дом находится в глубине территории. Помимо гаража, жилого дома и бани, на участке имеется сарай (подсобное помещение), расположенный рядом с гаражом, и теплица, построенная на территории огорода (огород отмечен цифрой 2). Перед жилым домом имеются яблоневые посадки.\u003C/p\u003E\r\n\r\n\u003Cp\u003EВсе дорожки внутри участка имеют ширину 1 м и вымощены тротуарной плиткой размером 1м&times;1м. Между баней и гаражом имеется площадка площадью 64 кв. м, вымощенная такой же плиткой.\u003C/p\u003E\r\n\r\n\u003Cp\u003EК домохозяйству подведено электричество. Имеется&nbsp; магистральное газоснабжение.\u003C/p\u003E","picture":"pictures/2023/09/26/04.png","time_create":"2023-09-25T22:54:27.167Z","time_update":"2023-10-01T22:42:02.893Z","source":"Демоверсия ОГЭ 2024"}},{"model":"math_app.exercise","pk":2,"fields":{"subcategory":12,"description":"","picture":"","time_create":"2023-09-25T23:08:08.064Z","time_update":"2023-10-01T22:42:18.232Z","source":"Демоверсия ОГЭ 2024"}},{"model":"math_app.exercise","pk":3,"fields":{"subcategory":6,"description":"","picture":"","time_create":"2023-09-25T23:13:27.820Z","time_update":"2023-10-01T22:42:40.501Z","source":"Демоверсия ОГЭ 2024"}},{"model":"math_app.exercise","pk":4,"fields":{"subcategory":16,"description":"","picture":"","time_create":"2023-09-25T23:38:41.140Z","time_update":"2023-10-01T22:45:36.525Z","source":""}},{"model":"math_app.exercise","pk":5,"fields":{"subcategory":18,"description":"","picture":"","time_create":"2023-09-26T21:28:37.734Z","time_update":"2023-10-01T22:46:11.773Z","source":"Демонстрационная версия ОГЭ−2024 по математике."}},{"model":"math_app.exercise","pk":6,"fields":{"subcategory":21,"description":"","picture":"","time_create":"2023-09-26T21:31:15.634Z","time_update":"2023-10-01T22:45:52.849Z","source":"Демонстрационная версия ОГЭ−2024 по математике."}},{"model":"math_app.exercise","pk":7,"fields":{"subcategory":24,"description":"","picture":"","time_create":"2023-09-26T21:38:11.141Z","time_update":"2023-09-26T21:38:11.141Z","source":"Демонстрационная версия ОГЭ−2024 по математике"}},{"model":"math_app.exercise","pk":8,"fields":{"subcategory":32,"description":"","picture":"","time_create":"2023-10-01T20:45:21.845Z","time_update":"2023-10-01T20:45:21.845Z","source":"Демонстрационная версия ГИА—2013 по математике"}},{"model":"math_app.exercise","pk":9,"fields":{"subcategory":37,"description":"","picture":"","time_create":"2023-10-01T20:52:34.097Z","time_update":"2023-10-01T20:52:34.097Z","source":"Демонстрационная версия ГИА—2014 по математике"}},{"model":"math_app.exercise","pk":10,"fields":{"subcategory":39,"description":"","picture":"","time_create":"2023-10-01T20:54:10.677Z","time_update":"2023-10-01T20:54:10.677Z","source":""}},{"model":"math_app.exercise","pk":11,"fields":{"subcategory":47,"description":"","picture":"","time_create":"2023-10-01T20:58:11.414Z","time_update":"2023-10-01T20:58:11.414Z","source":"Банк заданий ФИПИ"}},{"model":"math_app.exercise","pk":12,"fields":{"subcategory":50,"description":"","picture":"","time_create":"2023-10-01T21:04:31.980Z","time_update":"2023-10-01T21:04:31.980Z","source":"ГИА-2013. Математика. Тренировочная работа № 1 (1 вар.)"}},{"model":"math_app.exercise","pk":13,"fields":{"subcategory":60,"description":"","picture":"","time_create":"2023-10-01T21:11:16.105Z","time_update":"2023-10-01T21:11:16.105Z","source":""}},{"model":"math_app.exercise","pk":14,"fields":{"subcategory":78,"description":"","picture":"","time_create":"2023-10-01T21:24:48.965Z","time_update":"2023-10-01T21:24:48.965Z","source":"9 класс. Математика. Краевая диагностическая работа. Краснодар (вар. 2)"}},{"model":"math_app.exercise","pk":15,"fields":{"subcategory":81,"description":"","picture":"","time_create":"2023-10-01T21:26:17.274Z","time_update":"2023-10-01T21:26:17.274Z","source":"ГИА по математике 28.05.2013. Основная волна. Вариант 1301"}},{"model":"math_app.exercise","pk":16,"fields":{"subcategory":91,"description":"","picture":"","time_create":"2023-10-01T21:31:07.975Z","time_update":"2023-10-01T21:31:07.975Z","source":""}},{"model":"math_app.exercise","pk":17,"fields":{"subcategory":98,"description":"","picture":"","time_create":"2023-10-01T21:34:37.007Z","time_update":"2023-10-01T21:34:37.007Z","source":""}},{"model":"math_app.exercise","pk":18,"fields":{"subcategory":101,"description":"","picture":"","time_create":"2023-10-01T21:37:41.753Z","time_update":"2023-10-01T21:37:41.753Z","source":""}},{"model":"math_app.exercise","pk":19,"fields":{"subcategory":28,"description":"","picture":"","time_create":"2023-10-01T21:52:52.976Z","time_update":"2023-10-01T21:52:52.976Z","source":""}},{"model":"math_app.exercise","pk":20,"fields":{"subcategory":33,"description":"","picture":"","time_create":"2023-10-01T21:55:27.011Z","time_update":"2023-10-01T21:55:27.011Z","source":""}},{"model":"math_app.exercise","pk":21,"fields":{"subcategory":37,"description":"","picture":"","time_create":"2023-10-01T21:59:20.661Z","time_update":"2023-10-01T21:59:20.661Z","source":""}},{"model":"math_app.exercise","pk":22,"fields":{"subcategory":39,"description":"","picture":"","time_create":"2023-10-01T22:00:06.960Z","time_update":"2023-10-01T22:00:06.961Z","source":""}},{"model":"math_app.exercise","pk":23,"fields":{"subcategory":43,"description":"","picture":"","time_create":"2023-10-01T22:01:54.838Z","time_update":"2023-10-01T22:01:54.838Z","source":""}},{"model":"math_app.exercise","pk":24,"fields":{"subcategory":49,"description":"","picture":"","time_create":"2023-10-01T22:04:26.075Z","time_update":"2023-10-01T22:04:26.075Z","source":""}},{"model":"math_app.exercise","pk":25,"fields":{"subcategory":58,"description":"","picture":"","time_create":"2023-10-01T22:05:43.422Z","time_update":"2023-10-01T22:05:43.422Z","source":""}},{"model":"math_app.exercise","pk":26,"fields":{"subcategory":73,"description":"","picture":"","time_create":"2023-10-01T22:07:31.835Z","time_update":"2023-10-01T22:07:31.835Z","source":""}},{"model":"math_app.exercise","pk":27,"fields":{"subcategory":81,"description":"","picture":"","time_create":"2023-10-01T22:08:25.120Z","time_update":"2023-10-01T22:08:25.120Z","source":""}},{"model":"math_app.exercise","pk":28,"fields":{"subcategory":82,"description":"","picture":"","time_create":"2023-10-01T22:10:16.323Z","time_update":"2023-10-01T22:19:06.531Z","source":""}},{"model":"math_app.exercise","pk":29,"fields":{"subcategory":87,"description":"","picture":"","time_create":"2023-10-01T22:11:32.824Z","time_update":"2023-10-01T22:19:56.637Z","source":""}},{"model":"math_app.exercise","pk":30,"fields":{"subcategory":92,"description":"","picture":"","time_create":"2023-10-01T22:12:58.087Z","time_update":"2023-10-01T22:17:31.512Z","source":""}},{"model":"math_app.exercise","pk":31,"fields":{"subcategory":97,"description":"","picture":"","time_create":"2023-10-01T22:14:13.558Z","time_update":"2023-10-01T22:17:16.456Z","source":""}},{"model":"math_app.exercise","pk":32,"fields":{"subcategory":102,"description":"","picture":"","time_create":"2023-10-01T22:15:28.248Z","time_update":"2023-10-01T22:17:00.612Z","source":""}},{"model":"math_app.exercise","pk":33,"fields":{"subcategory":4,"description":"\u003Cp\u003EВладелец собирается провести ремонт своей квартиры. На плане изображена предполагаемая расстановка мебели в гостиной после ремонта. Сторона каждой клетки равна 0,4 м. Гостиная имеет прямоугольную форму. Единственная дверь гостиной деревянная, в стене напротив двери расположено окно. Справа от двери будет поставлен комод, слева от двери у стены будет собран книжный шкаф. В глубине комнаты у стены планируется поставить диван. Перед книжным шкафом будет поставлено кресло. Справа от дивана будет стоять торшер. Площадь, занятая диваном, по плану будет равна 1,28 м\u003Csup\u003E2\u003C/sup\u003E. У стены справа от двери планируется поставить письменный стол, а перед ним поставить стул. Пол гостиной (в том числе там, где будет стоять мебель) планируется покрыть паркетной доской размером 40 см &times; 20 см. Кроме того, владелец квартиры планирует смонтировать в гостиной электрический подогрев пола. Чтобы сэкономить, владелец не станет подводить обогрев под книжный шкаф, кресло, диван и комод, а также на участок площадью 0,16 м\u003Csup\u003E2\u003C/sup\u003E между диваном и торшером.\u003C/p\u003E","picture":"pictures/2023/10/04/Снимок_экрана_2023-10-04_141533_zEBm2L7.png","time_create":"2023-10-04T11:21:27.180Z","time_update":"2023-10-04T11:24:18.429Z","source":""}},{"model":"math_app.exercise","pk":34,"fields":{"subcategory":4,"description":"\u003Cp\u003EНа плане изображена схема квартиры (сторона каждой клетки на схеме равна 1 м). Вход и выход осуществляются через единственную дверь.\u003C/p\u003E\r\n\r\n\u003Cp\u003EПри входе в квартиру расположен коридор, отмеченный цифрой 2. Слева от него расположен балкон. Напротив входа в квартиру располагается совмещенный санузел, а справа от него  &mdash; детская комната.\u003C/p\u003E\r\n\r\n\u003Cp\u003EГостиная занимает наибольшую площадь в квартире, из гостиной можно попасть в кабинет. В конце коридора находится кухня площадью 20 м\u003Csup\u003E2\u003C/sup\u003E.\u003C/p\u003E\r\n\r\n\u003Cp\u003EПол в гостиной планируется покрыть паркетной доской длиной 1 м и шириной 0,25 м.\u003C/p\u003E\r\n\r\n\u003Cp\u003EВ квартире проведены газопровод и электричество.\u003C/p\u003E","picture":"pictures/2023/10/04/Снимок_экрана_1.png","time_create":"2023-10-04T11:31:28.133Z","time_update":"2023-10-04T21:08:39.393Z","source":""}},{"model":"math_app.test","pk":1,"fields":{"exercise":1,"problem_text":"\u003Cp\u003EДля объектов, указанных в таблице, определите, какими цифрами они обозначены на плане. Заполните таблицу, в ответ запишите последовательность четырех цифр.\u003C/p\u003E\r\n\r\n\u003Ctable\u003E\r\n\t\u003Ctbody\u003E\r\n\t\t\u003Ctr\u003E\r\n\t\t\t\u003Ctd style=\"background-color:#cccccc\"\u003E\u003Cstrong\u003EОбъекты\u003C/strong\u003E\u003C/td\u003E\r\n\t\t\t\u003Ctd style=\"border-color:#000000\"\u003Eжилой дом\u003C/td\u003E\r\n\t\t\t\u003Ctd style=\"border-color:#000000\"\u003Eсарай\u003C/td\u003E\r\n\t\t\t\u003Ctd style=\"border-color:#000000\"\u003Eбаня\u003C/td\u003E\r\n\t\t\t\u003Ctd style=\"border-color:#000000\"\u003Eтеплица\u003C/td\u003E\r\n\t\t\u003C/tr\u003E\r\n\t\t\u003Ctr\u003E\r\n\t\t\t\u003Ctd style=\"background-color:#cccccc\"\u003E\u003Cstrong\u003EЦифры\u003C/strong\u003E\u003C/td\u003E\r\n\t\t\t\u003Ctd\u003E&nbsp;\u003C/td\u003E\r\n\t\t\t\u003Ctd\u003E&nbsp;\u003C/td\u003E\r\n\t\t\t\u003Ctd\u003E&nbsp;\u003C/td\u003E\r\n\t\t\t\u003Ctd\u003E&nbsp;\u003C/td\u003E\r\n\t\t\u003C/tr\u003E\r\n\t\u003C/tbody\u003E\r\n\u003C/table\u003E\r\n\r\n\u003Cp\u003E&nbsp;\u003C/p\u003E","time_create":"2023-09-25T22:58:51.636Z","time_update":"2023-09-27T22:08:09.886Z","solution":"\u003Cp\u003EЗаметим, что, по тексту, жилой дом находится в глубине территории, также перед ним имеются яблоневые посадки. Исходя из рисунка, жилой дом обозначен цифрой 3. Гараж обозначен на рисунке цифрой 7. Сарай расположен рядом с гаражом. Значит, сарай обозначен цифрой 4. При входе на участок баня находится справа от ворот, значит, баня обозначена цифрой 6. Теплица находится на территории огорода, следовательно, теплица обозначена на рисунке цифрой 1.\u003C/p\u003E","criteria":"","part2":false}},{"model":"math_app.test","pk":2,"fields":{"exercise":1,"problem_text":"\u003Cp\u003EТротуарная плитка продается в упаковках по 4 штуки. Сколько упаковок плитки понадобилось, чтобы выложить все дорожки и площадку перед гаражом?\u003C/p\u003E","time_create":"2023-09-25T22:59:47.993Z","time_update":"2023-09-27T11:21:18.421Z","solution":"\u003Cp\u003EЗаметим, что, поскольку одна плитка имеет площадь 1 м\u003Csup\u003E2\u003C/sup\u003E, для площадки перед гаражом понадобится 16 &middot; 4  =  64 плитки. Для того чтобы выложить все дорожки, понадобится еще 26 плиток. Значит, всего необходимо 90 плиток. Теперь найдем, сколько упаковок плитки понадобилось: \u003Cimg alt=\" дробь: числитель: 90, знаменатель: 4 конец дроби =22,5. \" src=\"https://oge.sdamgia.ru/formula/svg/ba/ba4d81a3007c4b040e366e84b8ed57c4.svg\" /\u003E\u003C/p\u003E\r\n\r\n\u003Cp\u003EСледовательно, чтобы выложить все дорожки и площадку перед гаражом понадобится 23 упаковки плитки.\u003C/p\u003E","criteria":"","part2":false}},{"model":"math_app.test","pk":3,"fields":{"exercise":1,"problem_text":"\u003Cp\u003EНайдите площадь, которую занимает жилой дом. Ответ дайте в квадратных метрах.\u003C/p\u003E","time_create":"2023-09-25T23:00:37.593Z","time_update":"2023-09-27T11:21:27.460Z","solution":"\u003Cp\u003EСторона одной клетки равна 2 м. Значит, площадь жилого дома равна:\u003C/p\u003E\r\n\r\n\u003Cp\u003E\u003Cimg alt=\"3 умножить на 5 умножить на 2 умножить на 2 плюс 2 умножить на 1 умножить на 2 умножить на 2=68\" src=\"https://oge.sdamgia.ru/formula/svg/a6/a6ac5004b6c9ca59befb51e11fd01834.svg\" /\u003E м\u003Csup\u003E2\u003C/sup\u003E.\u003C/p\u003E","criteria":"","part2":false}},{"model":"math_app.test","pk":4,"fields":{"exercise":1,"problem_text":"\u003Cp\u003EНайдите расстояние от жилого дома до гаража (расстояние между двумя ближайшими точками по прямой) в метрах.\u003C/p\u003E","time_create":"2023-09-25T23:01:31.758Z","time_update":"2023-09-27T11:21:37.691Z","solution":"\u003Cp\u003EНайдем расстояние между двумя ближайшими точками по прямой жилого дома и гаража по теореме Пифагора:\u003C/p\u003E\r\n\r\n\u003Cp\u003E\u003Cimg alt=\" корень из: начало аргумента: 6 в квадрате плюс 8 в квадрате конец аргумента = корень из: начало аргумента: 36 плюс 64 конец аргумента = корень из: начало аргумента: 100 конец аргумента =10.\" src=\"https://oge.sdamgia.ru/formula/svg/75/75333130d5df97a61b74311417df7f00.svg\" /\u003E\u003C/p\u003E","criteria":"","part2":false}},{"model":"math_app.test","pk":5,"fields":{"exercise":1,"problem_text":"\u003Cp\u003EХозяин участка планирует устроить в жилом доме зимнее отопление. Он рассматривает два варианта: электрическое или газовое отопление. Цены на оборудование и стоимость его установки, данные о расходе газа, электроэнергии и их стоимости даны в таблице.\u003C/p\u003E\r\n\r\n\u003Ctable border=\"1\"\u003E\r\n\t\u003Ctbody\u003E\r\n\t\t\u003Ctr\u003E\r\n\t\t\t\u003Ctd\u003E&nbsp;\u003C/td\u003E\r\n\t\t\t\u003Ctd style=\"background-color:#cccccc\"\u003E\u003Cstrong\u003EНагреватель(котел)\u003C/strong\u003E\u003C/td\u003E\r\n\t\t\t\u003Ctd style=\"background-color:#cccccc\"\u003E\u003Cstrong\u003EПрочее оборудование и монтаж\u003C/strong\u003E\u003C/td\u003E\r\n\t\t\t\u003Ctd style=\"background-color:#cccccc\"\u003E\u003Cstrong\u003EСред. расходгаза /сред. потребл.мощность\u003C/strong\u003E\u003C/td\u003E\r\n\t\t\t\u003Ctd style=\"background-color:#cccccc\"\u003E\u003Cstrong\u003EСтоимость газа /электро-энергии\u003C/strong\u003E\u003C/td\u003E\r\n\t\t\u003C/tr\u003E\r\n\t\t\u003Ctr\u003E\r\n\t\t\t\u003Ctd\u003EГазовое отопление\u003C/td\u003E\r\n\t\t\t\u003Ctd\u003E24 тыс. руб.\u003C/td\u003E\r\n\t\t\t\u003Ctd\u003E18 280 руб.\u003C/td\u003E\r\n\t\t\t\u003Ctd\u003E1,2 куб. м/ч\u003C/td\u003E\r\n\t\t\t\u003Ctd\u003E5,6 руб./куб. м\u003C/td\u003E\r\n\t\t\u003C/tr\u003E\r\n\t\t\u003Ctr\u003E\r\n\t\t\t\u003Ctd\u003EЭлектр. отопление\u003C/td\u003E\r\n\t\t\t\u003Ctd\u003E20 тыс. руб.\u003C/td\u003E\r\n\t\t\t\u003Ctd\u003E15 000 руб.\u003C/td\u003E\r\n\t\t\t\u003Ctd\u003E5,6 кВт\u003C/td\u003E\r\n\t\t\t\u003Ctd\u003E3,8 руб./(кВт &middot; ч )\u003C/td\u003E\r\n\t\t\u003C/tr\u003E\r\n\t\u003C/tbody\u003E\r\n\u003C/table\u003E\r\n\r\n\u003Cp\u003EОбдумав оба варианта, хозяин решил установить газовое оборудование. Через сколько часов непрерывной работы отопления экономия от использования газа вместо электричества компенсирует разность в стоимости покупки и установки газового и электрического отопления?\u003C/p\u003E","time_create":"2023-09-25T23:02:31.079Z","time_update":"2023-09-27T11:21:48.344Z","solution":"\u003Cp\u003EЧтобы установить газовое оборудование, понадобится 24 000 + 18 280  =  42 280 руб. Для установки электрического оборудования понадобится 20 000 + 15 000  =  35 000 руб. Разница в стоимости составляет 42 280 &minus; 35 000  =  7 280 руб. Час обогрева газом стоит 5,6 &middot; 1,2  =  6,72 руб./ч. Час обогрева электричеством стоит 5,6 &middot; 3,8  =  21,28 руб./ч. Разница в стоимости составляет 21,28 &minus; 6,72  =  14,56 руб./ч. Значит, экономия от использования газа вместо электричества компенсирует разность в стоимости установки газового и электрического отопления через \u003Cimg alt=\" дробь: числитель: 7280, знаменатель: 14,56 конец дроби =500 \" src=\"https://oge.sdamgia.ru/formula/svg/c0/c08f0e548f25a54ae7dc65fe0d5288dd.svg\" /\u003E часов.\u003C/p\u003E","criteria":"","part2":false}},{"model":"math_app.test","pk":6,"fields":{"exercise":3,"problem_text":"\u003Cp\u003EНайдите значение выражения \u003Cimg alt=\" дробь: числитель: 5, знаменатель: 6 конец дроби минус дробь: числитель: 3, знаменатель: 14 конец дроби . \" src=\"https://oge.sdamgia.ru/formula/svg/02/028898d5114aa59d62ad03d9eac3372b.svg\" /\u003E Представьте результат в виде несократимой обыкновенной дроби. В ответ запишите числитель этой дроби.\u003C/p\u003E","time_create":"2023-09-25T23:09:58.290Z","time_update":"2023-09-27T11:22:02.219Z","solution":"\u003Cp\u003EПриведем дроби к общему знаменателю:\u003C/p\u003E\r\n\r\n\u003Cp\u003E\u003Cimg alt=\" дробь: числитель: 5, знаменатель: 6 конец дроби минус дробь: числитель: 3, знаменатель: 14 конец дроби = дробь: числитель: 5 умножить на 7 минус 3 умножить на 3 , знаменатель: 14 умножить на 3 конец дроби = дробь: числитель: 26, знаменатель: 14 умножить на 3 конец дроби = дробь: числитель: 13, знаменатель: 21 конец дроби . \" src=\"https://oge.sdamgia.ru/formula/svg/a6/a6687bf8971fa157f113f7d7db0fbc42.svg\" /\u003E\u003C/p\u003E","criteria":"","part2":false}},{"model":"math_app.test","pk":7,"fields":{"exercise":2,"problem_text":"\u003Cp\u003EНа координатной прямой отмечена точка \u003Cem\u003EА\u003C/em\u003E.\u003C/p\u003E\r\n\r\n\u003Cp\u003E\u003Cimg alt=\"\" src=\"https://math-oge.sdamgia.ru/get_file?id=42736\" /\u003E\u003C/p\u003E\r\n\r\n\u003Cp\u003EИзвестно, что она соответствует одному из четырех указанных ниже чисел. Какому из чисел соответствует точка \u003Cem\u003EА\u003C/em\u003E?\u003C!--auto generated from answers--\u003E\u003C/p\u003E\r\n\r\n\u003Cp\u003E1)  \u003Cimg alt=\" дробь: числитель: 181, знаменатель: 16 конец дроби \" src=\"https://oge.sdamgia.ru/formula/svg/5b/5beced279fe99c5ceb0226bdb4e4c82d.svg\" /\u003E\u003C/p\u003E\r\n\r\n\u003Cp\u003E2)  \u003Cimg alt=\" корень из: начало аргумента: 37 конец аргумента \" src=\"https://oge.sdamgia.ru/formula/svg/31/313260ae67a0f24ce9ef89fbf65c1329.svg\" /\u003E\u003C/p\u003E\r\n\r\n\u003Cp\u003E3)  0,6\u003C/p\u003E\r\n\r\n\u003Cp\u003E4)  4\u003C/p\u003E","time_create":"2023-09-25T23:11:57.752Z","time_update":"2023-09-27T11:22:11.655Z","solution":"\u003Cp\u003EЗаметим, что \u003Cimg alt=\"5 меньше A меньше 10.\" src=\"https://oge.sdamgia.ru/formula/svg/b9/b94aaddafa8aa689232cc9376347ae45.svg\" /\u003E Сравним каждое из приведенных чисел с пятью и десятью:\u003C/p\u003E\r\n\r\n\u003Cp\u003E1)  \u003Cimg alt=\" дробь: числитель: 181, знаменатель: 16 конец дроби = целая часть: 11, дробная часть: числитель: 5, знаменатель: 16 больше 10. \" src=\"https://oge.sdamgia.ru/formula/svg/88/88254152c1f3f7d95351fa2e178946a8.svg\" /\u003E\u003C/p\u003E\r\n\r\n\u003Cp\u003E2)  В силу цепочки неравенств: \u003Cimg alt=\" корень из: начало аргумента: 37 конец аргумента меньше 10 равносильно 37 меньше 100,5 меньше корень из: начало аргумента: 37 конец аргумента равносильно 25 меньше 37.\" src=\"https://oge.sdamgia.ru/formula/svg/94/942e4f2eb3a203b8f2cde04edd1272e8.svg\" /\u003E Таким образом, \u003Cimg alt=\"5 меньше корень из: начало аргумента: 37 конец аргумента меньше 10.\" src=\"https://oge.sdamgia.ru/formula/svg/89/8949f4c936f35eb512c12cbd1d2fa08e.svg\" /\u003E\u003C/p\u003E\r\n\r\n\u003Cp\u003E3)  \u003Cimg alt=\"0,6 меньше 5 меньше 10\" src=\"https://oge.sdamgia.ru/formula/svg/f2/f2ae66f0b18b62da3eccae041fe07ddd.svg\" /\u003E\u003C/p\u003E\r\n\r\n\u003Cp\u003E4)  \u003Cimg alt=\"4 меньше 5 меньше 10.\" src=\"https://oge.sdamgia.ru/formula/svg/b7/b77d73ab2423484d4ae92650071a18da.svg\" /\u003E\u003C/p\u003E","criteria":"","part2":false}},{"model":"math_app.test","pk":8,"fields":{"exercise":4,"problem_text":"\u003Cp\u003EНайдите значение выражения \u003Cimg alt=\"a в степени левая круглая скобка минус 7 правая круглая скобка умножить на левая круглая скобка a в степени левая круглая скобка 5 правая круглая скобка правая круглая скобка в квадрате \" src=\"https://oge.sdamgia.ru/formula/svg/30/306b5d37cbd462e53a4b2587b1a5e6b4.svg\" /\u003E при \u003Cem\u003Ea\u003C/em\u003E  =  5.\u003C/p\u003E","time_create":"2023-09-25T23:38:41.141Z","time_update":"2023-09-27T11:22:20.729Z","solution":"\u003Cp\u003EУпростим выражение:\u003C/p\u003E\r\n\r\n\u003Cp\u003E\u003Cimg alt=\"a в степени левая круглая скобка минус 7 правая круглая скобка умножить на левая круглая скобка a в степени левая круглая скобка 10 правая круглая скобка правая круглая скобка =a в кубе . \" src=\"https://oge.sdamgia.ru/formula/svg/97/976bd6b83bedd9efca991f157329e191.svg\" /\u003E\u003C/p\u003E\r\n\r\n\u003Cp\u003EПри \u003Cem\u003Ea\u003C/em\u003E  =  5, значение полученного выражения равно 125.\u003C/p\u003E","criteria":"","part2":false}},{"model":"math_app.test","pk":9,"fields":{"exercise":5,"problem_text":"\u003Cp\u003EРешите уравнение \u003Cimg alt=\"x в квадрате плюс x минус 12 = 0.\" src=\"https://oge.sdamgia.ru/formula/svg/dd/dd3e594688c6e062b55d652f6a355d13.svg\" /\u003E\u003C/p\u003E\r\n\r\n\u003Cp\u003EЕсли уравнение имеет более одного корня, в ответ запишите больший из корней.\u003C/p\u003E","time_create":"2023-09-26T21:28:37.801Z","time_update":"2023-09-27T11:22:29.544Z","solution":"\u003Cp\u003EСумма корней этого уравнения равна &minus;1, их произведение равно &minus;12. Следовательно, это числа 3 и &minus;4. Наибольшее из них равно 3.\u003C/p\u003E","criteria":"","part2":false}},{"model":"math_app.test","pk":10,"fields":{"exercise":6,"problem_text":"\u003Cp\u003EНа тарелке лежат пирожки, одинаковые на вид: 4 с мясом, 8 с капустой и 3 с яблоками. Петя наугад выбирает один пирожок. Найдите вероятность того, что пирожок окажется с яблоками.\u003C/p\u003E","time_create":"2023-09-26T21:31:15.654Z","time_update":"2023-09-27T11:22:37.890Z","solution":"\u003Cp\u003EВероятность вытащить пирожок с яблоками равна отношению количества пирожков с яблоками к общему количеству пирожков: \u003Cimg alt=\" дробь: числитель: 3, знаменатель: 4 плюс 8 плюс 3 конец дроби = дробь: числитель: 1, знаменатель: 5 конец дроби =0,2. \" src=\"https://oge.sdamgia.ru/formula/svg/df/dfccb70c5c13ad60d3c73f5ab5a799c5.svg\" /\u003E\u003C/p\u003E\r\n\r\n\u003Cp\u003E\u003C!--np--\u003E\u003C/p\u003E","criteria":"","part2":false}},{"model":"math_app.test","pk":20,"fields":{"exercise":7,"problem_text":"\u003Cp\u003EРешите уравнение \u003Cimg alt=\"x в степени 4 = левая круглая скобка 4x минус 5 правая круглая скобка в квадрате .\" src=\"https://oge.sdamgia.ru/formula/svg/d4/d4e3064d80cd61e9cc4767bd26a4d74d.svg\" /\u003E\u003C/p\u003E","time_create":"2023-09-26T21:38:11.216Z","time_update":"2024-05-09T22:39:49.050Z","solution":"\u003Cp\u003EИсходное уравнение приводится к виду: \u003Cimg alt=\" левая круглая скобка x в квадрате минус 4x плюс 5 правая круглая скобка левая круглая скобка x в квадрате плюс 4x минус 5 правая круглая скобка =0.\" src=\"https://oge.sdamgia.ru/formula/svg/76/7630b1e5193dfecbfe966b41cf86ab37.svg\" /\u003E\u003C/p\u003E\r\n\r\n\u003Cp\u003EУравнение \u003Cimg alt=\"x в квадрате минус 4x плюс 5=0\" src=\"https://oge.sdamgia.ru/formula/svg/59/59fee1cf1594a6e1f0ffbecde6ec440e.svg\" /\u003E не имеет корней.\u003C/p\u003E\r\n\r\n\u003Cp\u003EУравнение \u003Cimg alt=\"x в квадрате плюс 4x минус 5=0\" src=\"https://oge.sdamgia.ru/formula/svg/c8/c8cb4f5813781642ca89eaa8ea3f5690.svg\" /\u003E имеет корни &minus;5 и 1.\u003C/p\u003E","criteria":"\u003Ctable border=\"1\" cellpadding=\"1\" cellspacing=\"1\" style=\"width:500px\"\u003E\r\n\t\u003Ctbody\u003E\r\n\t\t\u003Ctr\u003E\r\n\t\t\t\u003Ctd style=\"background-color:#cccccc; width:431px\"\u003E\u003Cstrong\u003EКритерии оценивания выполнения задания\u003C/strong\u003E\u003C/td\u003E\r\n\t\t\t\u003Ctd style=\"background-color:#cccccc; text-align:center; width:55px\"\u003E\u003Cstrong\u003EБаллы\u003C/strong\u003E\u003C/td\u003E\r\n\t\t\u003C/tr\u003E\r\n\t\t\u003Ctr\u003E\r\n\t\t\t\u003Ctd style=\"width:431px\"\u003EОбоснованно получен верный ответ\u003C/td\u003E\r\n\t\t\t\u003Ctd style=\"text-align:center; width:55px\"\u003E2\u003C/td\u003E\r\n\t\t\u003C/tr\u003E\r\n\t\t\u003Ctr\u003E\r\n\t\t\t\u003Ctd style=\"width:431px\"\u003EРешение доведено до конца, но допущена описка или ошибка вычислительного характера, с её учётом дальнейшие шаги выполнены верно\u003C/td\u003E\r\n\t\t\t\u003Ctd style=\"text-align:center; width:55px\"\u003E1\u003C/td\u003E\r\n\t\t\u003C/tr\u003E\r\n\t\t\u003Ctr\u003E\r\n\t\t\t\u003Ctd style=\"width:431px\"\u003EРешение не соответствует ни одному из критериев, перечисленных выше\u003C/td\u003E\r\n\t\t\t\u003Ctd style=\"text-align:center; width:55px\"\u003E0\u003C/td\u003E\r\n\t\t\u003C/tr\u003E\r\n\t\t\u003Ctr\u003E\r\n\t\t\t\u003Ctd style=\"width:431px\"\u003E\u003Cstrong\u003EМаксимальный балл\u003C/strong\u003E\u003C/td\u003E\r\n\t\t\t\u003Ctd style=\"text-align:center; width:55px\"\u003E\u003Cstrong\u003E2\u003C/strong\u003E\u003C/td\u003E\r\n\t\t\u003C/tr\u003E\r\n\t\u003C/tbody\u003E\r\n\u003C/table\u003E\r\n\r\n\u003Cp\u003E&nbsp;\u003C/p\u003E","part2":true}},{"model":"math_app.test","pk":21,"fields":{"exercise":8,"problem_text":"\u003Cp\u003EПериод колебания математического маятника \u003Cem\u003ET\u003C/em\u003E (в секундах) приближенно можно вычислить по формуле \u003Cimg alt=\"T=2 корень из: начало аргумента: l конец аргумента ,\" src=\"https://oge.sdamgia.ru/formula/svg/fa/fae6ab1aab412088617e93c7a256c576.svg\" /\u003E где \u003Cem\u003El\u003C/em\u003E  &mdash; длина нити (в метрах). Пользуясь этой формулой, найдите длину нити маятника (в метрах), период колебаний которого составляет 3 секунды.\u003C/p\u003E","time_create":"2023-10-01T20:45:21.915Z","time_update":"2023-10-01T20:45:21.915Z","solution":"\u003Cp\u003EПодставим в формулу значение \u003Cem\u003ET\u003C/em\u003E:  \u003Cimg alt=\"2 корень из: начало аргумента: l конец аргумента =3 равносильно 4l= 9 равносильно l=2,25м.\" src=\"https://oge.sdamgia.ru/formula/svg/5c/5cee4f3c162ebc91d5f2507ef34774fa.svg\" /\u003E\u003C/p\u003E","criteria":"","part2":false}},{"model":"math_app.test","pk":22,"fields":{"exercise":9,"problem_text":"\u003Cp\u003E&nbsp;Решите систему неравенств:\u003C/p\u003E\r\n\r\n\u003Cp\u003E\u003Cimg alt=\" система выражений  новая строка 5x плюс 13 меньше или равно 0,  новая строка x плюс 5 больше или равно 1. конец системы \" src=\"https://oge.sdamgia.ru/formula/svg/d5/d52fad1a9f8cf03ad0a6e1d36510f36f.svg\" /\u003E\u003C/p\u003E\r\n\r\n\u003Cp\u003EНа каком рисунке изображено множество ее решений?\u003C/p\u003E\r\n\r\n\u003Cp\u003E\u003Cem\u003EВ ответе укажите номер правильного варианта.\u003C/em\u003E\u003C/p\u003E\r\n\r\n\u003Ctable\u003E\r\n\t\u003Ctbody\u003E\r\n\t\t\u003Ctr\u003E\r\n\t\t\t\u003Ctd\u003E1)\r\n\t\t\t\u003Cp\u003E\u003Cimg alt=\"\" src=\"https://math-oge.sdamgia.ru/get_file?id=43718\" /\u003E\u003C/p\u003E\r\n\r\n\t\t\t\u003Cp\u003E&nbsp;\u003C/p\u003E\r\n\t\t\t\u003C/td\u003E\r\n\t\t\t\u003Ctd\u003E2)\r\n\t\t\t\u003Cp\u003E\u003Cimg alt=\"\" src=\"https://math-oge.sdamgia.ru/get_file?id=43719\" /\u003E\u003C/p\u003E\r\n\r\n\t\t\t\u003Cp\u003E&nbsp;\u003C/p\u003E\r\n\t\t\t\u003C/td\u003E\r\n\t\t\u003C/tr\u003E\r\n\t\u003C/tbody\u003E\r\n\u003C/table\u003E\r\n\r\n\u003Ctable\u003E\r\n\t\u003Ctbody\u003E\r\n\t\t\u003Ctr\u003E\r\n\t\t\t\u003Ctd\u003E3)\r\n\t\t\t\u003Cp\u003E\u003Cimg alt=\"\" src=\"https://math-oge.sdamgia.ru/get_file?id=43717\" /\u003E\u003C/p\u003E\r\n\r\n\t\t\t\u003Cp\u003E&nbsp;\u003C/p\u003E\r\n\t\t\t\u003C/td\u003E\r\n\t\t\t\u003Ctd\u003E4)\r\n\t\t\t\u003Cp\u003E\u003Cimg alt=\"\" src=\"https://math-oge.sdamgia.ru/get_file?id=43716\" /\u003E\u003C/p\u003E\r\n\r\n\t\t\t\u003Cp\u003E&nbsp;\u003C/p\u003E\r\n\t\t\t\u003C/td\u003E\r\n\t\t\u003C/tr\u003E\r\n\t\u003C/tbody\u003E\r\n\u003C/table\u003E","time_create":"2023-10-01T20:52:34.167Z","time_update":"2023-10-01T20:52:34.167Z","solution":"\u003Cp\u003EРешим систему:\u003C/p\u003E\r\n\r\n\u003Cp\u003E\u003Cimg alt=\" система выражений 5x плюс 13 меньше или равно 0, x плюс 5 больше или равно 1 конец системы . равносильно система выражений  новая строка 5x меньше или равно минус 13, x больше или равно минус 4 конец системы . равносильно система выражений x меньше или равно минус 2,6, x больше или равно минус 4 конец системы . равносильно минус 4 меньше или равно x меньше или равно минус 2,6. \" src=\"https://oge.sdamgia.ru/formula/svg/51/517891b4c0cedbbfe4d7605da84a13e9.svg\" /\u003E\u003C/p\u003E\r\n\r\n\u003Cp\u003EРешением системы является отрезок, изображенный под номером 2.\u003C/p\u003E","criteria":"","part2":false}},{"model":"math_app.test","pk":23,"fields":{"exercise":10,"problem_text":"\u003Cp\u003EБригада маляров красит забор длиной 240 метров, ежедневно увеличивая норму покраски на одно и то же число метров. Известно, что за первый и последний день в сумме бригада покрасила 60 метров забора. Определите, сколько дней бригада маляров красила весь забор.\u003C/p\u003E","time_create":"2023-10-01T20:54:10.747Z","time_update":"2023-10-01T20:54:10.747Z","solution":"\u003Cp\u003EПусть бригада в первый день покрасила \u003Cimg alt=\"a_1\" src=\"https://oge.sdamgia.ru/formula/svg/19/19034064db55a4b3099824e4b3234f03.svg\" /\u003E метров забора, во второй  &mdash; \u003Cimg alt=\"a_2,\" src=\"https://oge.sdamgia.ru/formula/svg/94/941820a987b9181fd8f13032241cbb5f.svg\" /\u003E &hellip; , в последний  &mdash; \u003Cimg alt=\"a_n\" src=\"https://oge.sdamgia.ru/formula/svg/40/40946a3e1e1ca1b9a8cbe88e187f4172.svg\" /\u003E метров забора. Тогда \u003Cimg alt=\"a_1 плюс a_n=60\" src=\"https://oge.sdamgia.ru/formula/svg/ae/ae9cb0e4f2239dce99acdac3f205c9f6.svg\" /\u003E м, а за \u003Cem\u003En\u003C/em\u003E дней было покрашено\u003C/p\u003E\r\n\r\n\u003Cp\u003E\u003Cimg alt=\"S_n= дробь: числитель: a_1 плюс a_n, знаменатель: 2 конец дроби n=30n \" src=\"https://oge.sdamgia.ru/formula/svg/f5/f53289b37d989e8058f6d845cdc98784.svg\" /\u003E метров забора.\u003C/p\u003E\r\n\r\n\u003Cp\u003EПоскольку всего было покрашено 240 метров забора, имеем: \u003Cimg alt=\"30n=240 равносильно n=8.\" src=\"https://oge.sdamgia.ru/formula/svg/b3/b377f6229f70d3628cd65540d6707a12.svg\" /\u003E Таким образом, бригада красила забор в течение 8 дней.\u003C/p\u003E","criteria":"","part2":false}},{"model":"math_app.test","pk":24,"fields":{"exercise":11,"problem_text":"\u003Cp\u003EНайдите угол \u003Cem\u003EАDС\u003C/em\u003E равнобедренной трапеции \u003Cem\u003EABCD\u003C/em\u003E, если диагональ \u003Cem\u003EАС\u003C/em\u003E образует с основанием \u003Cem\u003EВС\u003C/em\u003E и боковой стороной \u003Cem\u003EАВ\u003C/em\u003E углы, равные 30&deg; и 50&deg; соответственно.\u003C/p\u003E\r\n\r\n\u003Cp\u003E\u003Cimg alt=\"\" height=\"138\" src=\"/media/uploads/2023/10/05/2023-10-05-095110.png\" width=\"283\" /\u003E\u003C/p\u003E","time_create":"2023-10-01T20:58:11.484Z","time_update":"2023-10-05T07:00:42.954Z","solution":"\u003Cp\u003EСумма углов треугольника \u003Cem\u003EАВС\u003C/em\u003E равна 180&deg;, поэтому угол \u003Cem\u003EABC\u003C/em\u003E равен 180&deg; &minus; 30&deg; &minus; 50&deg; = 100&deg;. Сумма противоположных углов равнобедренной трапеции равна 180&deg;, поэтому 180&deg; &minus; 100&deg; = 80&deg;.\u003C/p\u003E","criteria":"","part2":false}},{"model":"math_app.test","pk":25,"fields":{"exercise":12,"problem_text":"\u003Cp\u003EРадиус \u003Cem\u003EOB\u003C/em\u003E окружности с центром в точке \u003Cem\u003EO\u003C/em\u003E пересекает хорду \u003Cem\u003EAC\u003C/em\u003E в точке \u003Cem\u003ED\u003C/em\u003E и перпендикулярен ей. Найдите длину хорды \u003Cem\u003EAC\u003C/em\u003E, если \u003Cem\u003EBD\u003C/em\u003E  =  1 см, а радиус окружности равен 5 см.\u003C/p\u003E\r\n\r\n\u003Cp\u003E\u003Cimg alt=\"\" src=\"https://math-oge.sdamgia.ru/get_file?id=40140\" /\u003E\u003C/p\u003E","time_create":"2023-10-01T21:04:32.050Z","time_update":"2023-10-01T21:04:32.051Z","solution":"\u003Cp\u003EНайдем отрезок \u003Cem\u003EDO\u003C/em\u003E: \u003Cem\u003EDO = OB &minus; BD\u003C/em\u003E = 5 &minus; 1 = 4. Так как \u003Cem\u003EOB\u003C/em\u003E перпендикулярен \u003Cem\u003EAC\u003C/em\u003E, треугольник \u003Cem\u003EAOD\u003C/em\u003E  &mdash; прямоугольный. По теореме Пифагора имеем: \u003Cimg alt=\" AD= корень из: начало аргумента: AO в квадрате минус OD в квадрате конец аргумента = корень из: начало аргумента: 25 минус 16 конец аргумента =3.\" src=\"https://oge.sdamgia.ru/formula/svg/72/72a53c2c12adb1038e4b6a610ea0c706.svg\" /\u003E Треугольник \u003Cem\u003EAOC\u003C/em\u003E  &mdash; равнобедренный так как \u003Cem\u003EAO = OC = r\u003C/em\u003E, тогда \u003Cem\u003EAD = DC\u003C/em\u003E. Таким образом, \u003Cem\u003EAC = AD\u003C/em\u003E&middot;2 = 6.\u003C/p\u003E","criteria":"","part2":false}},{"model":"math_app.test","pk":26,"fields":{"exercise":13,"problem_text":"\u003Cp\u003EСторона квадрата равна 10. Найдите его площадь.\u003C/p\u003E","time_create":"2023-10-01T21:11:16.175Z","time_update":"2023-10-01T21:11:16.175Z","solution":"\u003Cp\u003EПлощадь квадрата равна квадрату его стороны, поэтому она равна 100.\u003C/p\u003E","criteria":"","part2":false}},{"model":"math_app.test","pk":27,"fields":{"exercise":14,"problem_text":"\u003Cp\u003EНа рисунке изображен ромб \u003Cem\u003EABCD\u003C/em\u003E. Используя рисунок, найдите \u003Cimg alt=\" тангенс \\angle OBC.\" src=\"https://oge.sdamgia.ru/formula/svg/9a/9a3f44cf5ed1f4b76b7935972d020ad7.svg\" /\u003E\u003C/p\u003E\r\n\r\n\u003Cp\u003E\u003Cimg alt=\"\" src=\"https://math-oge.sdamgia.ru/get_file?id=41413\" /\u003E\u003C/p\u003E","time_create":"2023-10-01T21:24:48.967Z","time_update":"2023-10-01T21:24:48.967Z","solution":"\u003Cp\u003EТангенс угла в прямоугольном треугольнике  &mdash; отношение противолежащего катета к прилежащему. Треугольник \u003Cem\u003EOBC\u003C/em\u003E  &mdash; прямоугольный, поэтому&nbsp;\u003Cimg alt=\" тангенс \\angle OBC= дробь: числитель: OC, знаменатель: BO конец дроби = дробь: числитель: 3, знаменатель: 4 конец дроби =0,75. \" src=\"https://oge.sdamgia.ru/formula/svg/b6/b6fab04af6f76c83728949d559770d9f.svg\" /\u003E\u003C/p\u003E","criteria":"","part2":false}},{"model":"math_app.test","pk":28,"fields":{"exercise":15,"problem_text":"\u003Cp\u003EУкажите номера верных утверждений.\u003C/p\u003E\r\n\r\n\u003Cp\u003E1)  Если два угла одного треугольника равны двум углам другого треугольника, то такие треугольники подобны.\u003C/p\u003E\r\n\r\n\u003Cp\u003E2)  Вертикальные углы равны.\u003C/p\u003E\r\n\r\n\u003Cp\u003E3)  Любая биссектриса равнобедренного треугольника является его медианой.\u003C/p\u003E","time_create":"2023-10-01T21:26:17.276Z","time_update":"2023-10-01T21:26:17.276Z","solution":"\u003Cp\u003EПроверим каждое из утверждений.\u003C/p\u003E\r\n\r\n\u003Cp\u003E1)  &laquo;Если два угла одного треугольника равны двум углам другого треугольника, то такие треугольники подобны&raquo;  &mdash; \u003Cem\u003Eверно\u003C/em\u003E по признаку подобия треугольников.\u003C/p\u003E\r\n\r\n\u003Cp\u003E2)  &laquo;Вертикальные углы равны&raquo;  &mdash; \u003Cem\u003Eверно\u003C/em\u003E, это теорема планиметрии.\u003C/p\u003E\r\n\r\n\u003Cp\u003E3)  &laquo;Любая биссектриса равнобедренного треугольника является его медианой&raquo;  &mdash; \u003Cem\u003Eневерно\u003C/em\u003E, это утверждение справедливо только для равностороннего треугольника.\u003C/p\u003E","criteria":"","part2":false}},{"model":"math_app.test","pk":29,"fields":{"exercise":16,"problem_text":"\u003Cp\u003EНайдите угол \u003Cem\u003EАСО\u003C/em\u003E, если его сторона \u003Cem\u003EСА\u003C/em\u003E касается окружности, \u003Cem\u003EО\u003C/em\u003E  &mdash; центр окружности, а дуга \u003Cem\u003EAD\u003C/em\u003E окружности, заключенная внутри этого угла, равна 100&deg;.\u003C/p\u003E\r\n\r\n\u003Cp\u003E\u003Cimg alt=\"\" src=\"https://math-oge.sdamgia.ru/get_file?id=44265\" /\u003E\u003C/p\u003E","time_create":"2023-10-01T21:31:07.978Z","time_update":"2024-05-09T22:40:42.468Z","solution":"\u003Cp\u003EПроведем радиус \u003Cem\u003EOA\u003C/em\u003E. Треугольник \u003Cem\u003EAOC\u003C/em\u003E  &mdash; прямоугольный, &ang;\u003Cem\u003EOAC\u003C/em\u003E = 90&deg;. &ang;\u003Cem\u003ECOA\u003C/em\u003E&nbsp;=&nbsp;180&deg;&nbsp;&minus;&nbsp;&ang;\u003Cem\u003EAOD\u003C/em\u003E&nbsp;=&nbsp;180&deg;&nbsp;&minus;&nbsp;100&deg;&nbsp;=&nbsp;80&deg;; &ang;\u003Cem\u003EACO\u003C/em\u003E&nbsp;=&nbsp;90&deg;&nbsp;&minus;&nbsp;80&deg;&nbsp;=&nbsp;10&deg;.\u003C/p\u003E","criteria":"\u003Ctable border=\"1\" cellpadding=\"1\" cellspacing=\"1\" style=\"width:500px\"\u003E\r\n\t\u003Ctbody\u003E\r\n\t\t\u003Ctr\u003E\r\n\t\t\t\u003Cth\u003EКритерии оценивания выполнения задания\u003C/th\u003E\r\n\t\t\t\u003Cth\u003EБаллы\u003C/th\u003E\r\n\t\t\u003C/tr\u003E\r\n\t\t\u003Ctr\u003E\r\n\t\t\t\u003Ctd\u003EПолучен верный обоснованный ответ\u003C/td\u003E\r\n\t\t\t\u003Ctd\u003E2\u003C/td\u003E\r\n\t\t\u003C/tr\u003E\r\n\t\t\u003Ctr\u003E\r\n\t\t\t\u003Ctd\u003EПри верных рассуждениях допущена вычислительная ошибка, возможно приведшая к неверному ответу\u003C/td\u003E\r\n\t\t\t\u003Ctd\u003E1\u003C/td\u003E\r\n\t\t\u003C/tr\u003E\r\n\t\t\u003Ctr\u003E\r\n\t\t\t\u003Ctd\u003EДругие случаи, не соответствующие указанным критериям\u003C/td\u003E\r\n\t\t\t\u003Ctd\u003E0\u003C/td\u003E\r\n\t\t\u003C/tr\u003E\r\n\t\t\u003Ctr\u003E\r\n\t\t\t\u003Ctd\u003E\u003Cem\u003EМаксимальный балл\u003C/em\u003E\u003C/td\u003E\r\n\t\t\t\u003Ctd\u003E2\u003C/td\u003E\r\n\t\t\u003C/tr\u003E\r\n\t\u003C/tbody\u003E\r\n\u003C/table\u003E\r\n\r\n\u003Cp\u003E&nbsp;\u003C/p\u003E","part2":true}},{"model":"math_app.test","pk":30,"fields":{"exercise":17,"problem_text":"\u003Cp\u003EВ окружности с центром \u003Cem\u003EО\u003C/em\u003E проведены две хорды \u003Cem\u003EАВ\u003C/em\u003E и \u003Cem\u003ECD\u003C/em\u003E так, что центральные углы \u003Cem\u003EАОВ\u003C/em\u003E и \u003Cem\u003EСОD\u003C/em\u003E равны. На эти хорды опущены перпендикуляры \u003Cem\u003EОК\u003C/em\u003E и \u003Cem\u003EOL\u003C/em\u003E. Докажите, что \u003Cem\u003EОК\u003C/em\u003E и \u003Cem\u003EOL\u003C/em\u003E равны.\u003C/p\u003E","time_create":"2023-10-01T21:34:37.009Z","time_update":"2024-05-09T22:41:03.345Z","solution":"\u003Cp\u003EТреугольники \u003Cem\u003EАОВ\u003C/em\u003E и \u003Cem\u003EСОD\u003C/em\u003E равны по двум сторонам и углу между ними (\u003Cem\u003EAO  =  BO  =  CO  =  DO\u003C/em\u003E как радиусы окружности, &ang;\u003Cem\u003EAOB\u003C/em\u003E = &ang;\u003Cem\u003ECOD\u003C/em\u003E по условию). Следовательно, высоты \u003Cem\u003EOK\u003C/em\u003E и \u003Cem\u003EOL\u003C/em\u003E равны как соответственные элементы равных треугольников.\u003C/p\u003E\r\n\r\n\u003Cp\u003E\u003Cimg alt=\"\" src=\"https://math-oge.sdamgia.ru/get_file?id=16438\" /\u003E\u003C/p\u003E\r\n\r\n\u003Cp\u003E&nbsp;\u003C/p\u003E","criteria":"\u003Ctable border=\"1\" cellpadding=\"1\" cellspacing=\"1\" style=\"width:500px\"\u003E\r\n\t\u003Ctbody\u003E\r\n\t\t\u003Ctr\u003E\r\n\t\t\t\u003Cth\u003EКритерии оценивания выполнения задания\u003C/th\u003E\r\n\t\t\t\u003Cth\u003EБаллы\u003C/th\u003E\r\n\t\t\u003C/tr\u003E\r\n\t\t\u003Ctr\u003E\r\n\t\t\t\u003Ctd\u003EДоказательство верное, все шаги обоснованы\u003C/td\u003E\r\n\t\t\t\u003Ctd\u003E2\u003C/td\u003E\r\n\t\t\u003C/tr\u003E\r\n\t\t\u003Ctr\u003E\r\n\t\t\t\u003Ctd\u003EДоказательство в целом верное, но содержит неточности\u003C/td\u003E\r\n\t\t\t\u003Ctd\u003E1\u003C/td\u003E\r\n\t\t\u003C/tr\u003E\r\n\t\t\u003Ctr\u003E\r\n\t\t\t\u003Ctd\u003EДругие случаи, не соответствующие указанным критериям\u003C/td\u003E\r\n\t\t\t\u003Ctd\u003E0\u003C/td\u003E\r\n\t\t\u003C/tr\u003E\r\n\t\t\u003Ctr\u003E\r\n\t\t\t\u003Ctd\u003E\u003Cem\u003EМаксимальный балл\u003C/em\u003E\u003C/td\u003E\r\n\t\t\t\u003Ctd\u003E2\u003C/td\u003E\r\n\t\t\u003C/tr\u003E\r\n\t\u003C/tbody\u003E\r\n\u003C/table\u003E\r\n\r\n\u003Cp\u003E&nbsp;\u003C/p\u003E","part2":true}},{"model":"math_app.test","pk":31,"fields":{"exercise":18,"problem_text":"\u003Cp\u003EТри окружности с центрами \u003Cimg alt=\"O_1, O_2\" src=\"https://oge.sdamgia.ru/formula/svg/3d/3dc9275f760f06fb927c6375fd58aa5a.svg\" /\u003E и \u003Cimg alt=\"O_3\" src=\"https://oge.sdamgia.ru/formula/svg/84/84efdcec8fb51757cbf3c7196d13326f.svg\" /\u003E и радиусами 2,5, 0,5 и 4,5 соответственно попарно касаются внешним образом. Найдите угол \u003Cimg alt=\"O_1O_2O_3.\" src=\"https://oge.sdamgia.ru/formula/svg/a9/a94bcfb1aafa35dd5897515e69a55cad.svg\" /\u003E\u003C/p\u003E","time_create":"2023-10-01T21:37:41.757Z","time_update":"2024-05-09T22:41:28.100Z","solution":"\u003Cp\u003EИз условия касания окружностей находим стороны треугольника \u003Cimg alt=\"O_1O_2O_3\" src=\"https://oge.sdamgia.ru/formula/svg/6e/6e7858395256a541c9e3b58bb1d549cb.svg\" /\u003E\u003C/p\u003E\r\n\r\n\u003Cp\u003E\u003Cimg alt=\"O_1O_2=3, O_2O_3=5, O_1O_3=7.\" src=\"https://oge.sdamgia.ru/formula/svg/e8/e8df167e874873d72f89f188a260ef91.svg\" /\u003E\u003C/p\u003E\r\n\r\n\u003Cp\u003EПо теореме косинусов\u003C/p\u003E\r\n\r\n\u003Cp\u003E\u003Cimg alt=\"O_1O_3 в квадрате =O_1O_2 в квадрате плюс O_2O_3 в квадрате минус 2O_1O_2 умножить на O_2O_3 умножить на косинус \\angle O_1O_2O_3\" src=\"https://oge.sdamgia.ru/formula/svg/9b/9b0157771e008a8663f25f68b713a9a2.svg\" /\u003E\u003C/p\u003E\r\n\r\n\u003Cp\u003E\u003Cimg alt=\"49=9 плюс 25 минус 30 косинус \\angle O_1O_2O_3\" src=\"https://oge.sdamgia.ru/formula/svg/0d/0deb1086be068c1a566c6a3674587fab.svg\" /\u003E\u003C/p\u003E\r\n\r\n\u003Cp\u003EОткуда \u003Cimg alt=\" косинус \\angle O_1O_2O_3= минус дробь: числитель: 1, знаменатель: 2 конец дроби ; \\angle O_1O_2O_3=120 градусов. \" src=\"https://oge.sdamgia.ru/formula/svg/b9/b948037804520d9bd84b0a7bdd587c12.svg\" /\u003E\u003C/p\u003E\r\n\r\n\u003Cp\u003E\u003Cimg alt=\"\" src=\"https://math-oge.sdamgia.ru/get_file?id=19679\" /\u003E\u003C/p\u003E\r\n\r\n\u003Cp\u003E&nbsp;\u003C/p\u003E","criteria":"\u003Ctable border=\"1\" cellpadding=\"1\" cellspacing=\"1\" style=\"width:500px\"\u003E\r\n\t\u003Ctbody\u003E\r\n\t\t\u003Ctr\u003E\r\n\t\t\t\u003Cth\u003EКритерии оценивания выполнения задания\u003C/th\u003E\r\n\t\t\t\u003Cth\u003EБаллы\u003C/th\u003E\r\n\t\t\u003C/tr\u003E\r\n\t\t\u003Ctr\u003E\r\n\t\t\t\u003Ctd\u003EХод решения верный, все его шаги выполнены правильно, получен верный ответ\u003C/td\u003E\r\n\t\t\t\u003Ctd\u003E2\u003C/td\u003E\r\n\t\t\u003C/tr\u003E\r\n\t\t\u003Ctr\u003E\r\n\t\t\t\u003Ctd\u003EХод решения верный, все его шаги выполнены правильно, но даны неполные объяснения или допущена одна вычислительная ошибка\u003C/td\u003E\r\n\t\t\t\u003Ctd\u003E1\u003C/td\u003E\r\n\t\t\u003C/tr\u003E\r\n\t\t\u003Ctr\u003E\r\n\t\t\t\u003Ctd\u003EДругие случаи, не соответствующие указанным критериям\u003C/td\u003E\r\n\t\t\t\u003Ctd\u003E0\u003C/td\u003E\r\n\t\t\u003C/tr\u003E\r\n\t\t\u003Ctr\u003E\r\n\t\t\t\u003Ctd\u003E\u003Cem\u003EМаксимальный балл\u003C/em\u003E\u003C/td\u003E\r\n\t\t\t\u003Ctd\u003E2\u003C/td\u003E\r\n\t\t\u003C/tr\u003E\r\n\t\u003C/tbody\u003E\r\n\u003C/table\u003E\r\n\r\n\u003Cp\u003E&nbsp;\u003C/p\u003E","part2":true}},{"model":"math_app.test","pk":32,"fields":{"exercise":19,"problem_text":"\u003Cp\u003EУстановите соответствие между графиками функций и формулами, которые их задают.\u003C/p\u003E\r\n\r\n\u003Ctable\u003E\r\n\t\u003Ctbody\u003E\r\n\t\t\u003Ctr\u003E\r\n\t\t\t\u003Ctd\u003EА)\r\n\t\t\t\u003Cp\u003E\u003Cimg alt=\"\" src=\"https://math-oge.sdamgia.ru/get_file?id=39311\" /\u003E\u003C/p\u003E\r\n\r\n\t\t\t\u003Cp\u003E&nbsp;\u003C/p\u003E\r\n\t\t\t\u003C/td\u003E\r\n\t\t\t\u003Ctd\u003EБ)\r\n\t\t\t\u003Cp\u003E\u003Cimg alt=\"\" src=\"https://math-oge.sdamgia.ru/get_file?id=39319\" /\u003E\u003C/p\u003E\r\n\r\n\t\t\t\u003Cp\u003E&nbsp;\u003C/p\u003E\r\n\t\t\t\u003C/td\u003E\r\n\t\t\t\u003Ctd\u003EВ)\r\n\t\t\t\u003Cp\u003E\u003Cimg alt=\"\" src=\"https://math-oge.sdamgia.ru/get_file?id=39313\" /\u003E\u003C/p\u003E\r\n\r\n\t\t\t\u003Cp\u003E&nbsp;\u003C/p\u003E\r\n\t\t\t\u003C/td\u003E\r\n\t\t\u003C/tr\u003E\r\n\t\u003C/tbody\u003E\r\n\u003C/table\u003E\r\n\r\n\u003Cp\u003E1)  \u003Cimg alt=\"y=x в квадрате \" src=\"https://oge.sdamgia.ru/formula/svg/6e/6e3935bb1907e05aef6649527518e040.svg\" /\u003E\u003C/p\u003E\r\n\r\n\u003Cp\u003E2)  \u003Cimg alt=\"y= дробь: числитель: x, знаменатель: 2 конец дроби \" src=\"https://oge.sdamgia.ru/formula/svg/03/03e8fafca1eb856c5480ab2b3b46dc40.svg\" /\u003E\u003C/p\u003E\r\n\r\n\u003Cp\u003E3)  \u003Cimg alt=\"y= дробь: числитель: 2, знаменатель: x конец дроби \" src=\"https://oge.sdamgia.ru/formula/svg/6a/6abdeef22d73ad34bcf79316ec0c4a1a.svg\" /\u003E\u003C/p\u003E\r\n\r\n\u003Cp\u003E\u003Cem\u003EОтвет укажите в виде последовательности цифр без пробелов и запятых в указанном порядке. \u003C/em\u003E\u003C/p\u003E\r\n\r\n\u003Ctable border=\"1&quot;\"\u003E\r\n\t\u003Ctbody\u003E\r\n\t\t\u003Ctr\u003E\r\n\t\t\t\u003Ctd\u003EА\u003C/td\u003E\r\n\t\t\t\u003Ctd\u003EБ\u003C/td\u003E\r\n\t\t\t\u003Ctd\u003EВ\u003C/td\u003E\r\n\t\t\u003C/tr\u003E\r\n\t\t\u003Ctr\u003E\r\n\t\t\t\u003Ctd\u003E \u003C/td\u003E\r\n\t\t\t\u003Ctd\u003E \u003C/td\u003E\r\n\t\t\t\u003Ctd\u003E \u003C/td\u003E\r\n\t\t\u003C/tr\u003E\r\n\t\u003C/tbody\u003E\r\n\u003C/table\u003E","time_create":"2023-10-01T21:52:52.979Z","time_update":"2023-10-01T21:52:52.979Z","solution":"\u003Cp\u003EОпределим вид графика каждой из функций.\u003C/p\u003E\r\n\r\n\u003Cp\u003E1)  \u003Cimg alt=\"y=x в квадрате \" src=\"https://oge.sdamgia.ru/formula/svg/6e/6e3935bb1907e05aef6649527518e040.svg\" /\u003E &nbsp; \u003Cimg alt=\" минус \" src=\"https://oge.sdamgia.ru/formula/svg/33/336d5ebc5436534e61d16e63ddfca327.svg\" /\u003E уравнение параболы, ветви которой направленны вверх.\u003C/p\u003E\r\n\r\n\u003Cp\u003E2)  \u003Cimg alt=\"y= дробь: числитель: x, знаменатель: 2 конец дроби \" src=\"https://oge.sdamgia.ru/formula/svg/f6/f6ed274f4cbbe859cc5f5ae69d48ea62.svg\" /\u003E &nbsp; \u003Cimg alt=\" минус \" src=\"https://oge.sdamgia.ru/formula/svg/33/336d5ebc5436534e61d16e63ddfca327.svg\" /\u003E уравнение прямой.\u003C/p\u003E\r\n\r\n\u003Cp\u003E3)  \u003Cimg alt=\"y= дробь: числитель: 2, знаменатель: x конец дроби \" src=\"https://oge.sdamgia.ru/formula/svg/0b/0b808145a4319d5278175df4fe3d0903.svg\" /\u003E &nbsp; \u003Cimg alt=\" минус \" src=\"https://oge.sdamgia.ru/formula/svg/33/336d5ebc5436534e61d16e63ddfca327.svg\" /\u003E уравнение гиперболы.\u003C/p\u003E\r\n\r\n\u003Cp\u003EТем самым найдено соответствие: A  &mdash; 1, Б  &mdash; 3, В  &mdash; 2.\u003C/p\u003E","criteria":"","part2":false}},{"model":"math_app.test","pk":33,"fields":{"exercise":20,"problem_text":"\u003Cp\u003EЧтобы перевести значение температуры по шкале Цельсия в шкалу Фаренгейта, пользуются формулой \u003Cem\u003Et\u003C/em\u003E\u003Csub\u003E\u003Cem\u003EF\u003C/em\u003E\u003C/sub\u003E  =  1,8\u003Cem\u003Et\u003C/em\u003E\u003Csub\u003E\u003Cem\u003EC\u003C/em\u003E\u003C/sub\u003E + 32, где \u003Cem\u003Et\u003C/em\u003E\u003Csub\u003E\u003Cem\u003EC\u003C/em\u003E\u003C/sub\u003E  &mdash; температура в градусах Цельсия, \u003Cem\u003Et\u003C/em\u003E\u003Csub\u003E\u003Cem\u003EF\u003C/em\u003E\u003C/sub\u003E  &mdash; температура в градусах Фаренгейта. Скольким градусам по шкале Фаренгейта соответствует &minus;25 градусов по шкале Цельсия?\u003C/p\u003E","time_create":"2023-10-01T21:55:27.014Z","time_update":"2024-05-09T22:38:07.237Z","solution":"\u003Cp\u003EПодставим в формулу: \u003Cimg alt=\"t_F = 1,8 умножить на левая круглая скобка минус 25 правая круглая скобка плюс 32 = минус 45 плюс 32= минус 13.\" src=\"https://oge.sdamgia.ru/formula/svg/61/61c3946fb12d9cff5ffe6ee186dda57f.svg\" /\u003E\u003C/p\u003E","criteria":"","part2":true}},{"model":"math_app.test","pk":34,"fields":{"exercise":21,"problem_text":"\u003Cp\u003EРешите систему неравенств \u003Cimg alt=\" система выражений x плюс 2,6 меньше или равно 0,x плюс 5 больше или равно 1. конец системы \" src=\"https://oge.sdamgia.ru/formula/svg/0e/0e267cbcac0e860c1c8b474ce35e3138.svg\" /\u003E\u003C/p\u003E\r\n\r\n\u003Cp\u003EНа каком рисунке изображено множество ее решений?\u003C/p\u003E\r\n\r\n\u003Ctable\u003E\r\n\t\u003Ctbody\u003E\r\n\t\t\u003Ctr\u003E\r\n\t\t\t\u003Ctd\u003E1)\r\n\t\t\t\u003Cp\u003E\u003Cimg alt=\"\" src=\"https://math-oge.sdamgia.ru/get_file?id=58472\" /\u003E\u003C/p\u003E\r\n\r\n\t\t\t\u003Cp\u003E&nbsp;\u003C/p\u003E\r\n\t\t\t\u003C/td\u003E\r\n\t\t\t\u003Ctd\u003E2)\r\n\t\t\t\u003Cp\u003E\u003Cimg alt=\"\" src=\"https://math-oge.sdamgia.ru/get_file?id=58473\" /\u003E\u003C/p\u003E\r\n\r\n\t\t\t\u003Cp\u003E&nbsp;\u003C/p\u003E\r\n\t\t\t\u003C/td\u003E\r\n\t\t\u003C/tr\u003E\r\n\t\u003C/tbody\u003E\r\n\u003C/table\u003E\r\n\r\n\u003Cp\u003E&nbsp;\u003C/p\u003E\r\n\r\n\u003Ctable\u003E\r\n\t\u003Ctbody\u003E\r\n\t\t\u003Ctr\u003E\r\n\t\t\t\u003Ctd\u003E3)\r\n\t\t\t\u003Cp\u003E\u003Cimg alt=\"\" src=\"https://math-oge.sdamgia.ru/get_file?id=58474\" /\u003E\u003C/p\u003E\r\n\r\n\t\t\t\u003Cp\u003E&nbsp;\u003C/p\u003E\r\n\t\t\t\u003C/td\u003E\r\n\t\t\t\u003Ctd\u003E4)\r\n\t\t\t\u003Cp\u003E\u003Cimg alt=\"\" src=\"https://math-oge.sdamgia.ru/get_file?id=58471\" /\u003E\u003C/p\u003E\r\n\r\n\t\t\t\u003Cp\u003E&nbsp;\u003C/p\u003E\r\n\t\t\t\u003C/td\u003E\r\n\t\t\u003C/tr\u003E\r\n\t\u003C/tbody\u003E\r\n\u003C/table\u003E\r\n\r\n\u003Cp\u003E1)  1\u003C/p\u003E\r\n\r\n\u003Cp\u003E2)  2\u003C/p\u003E\r\n\r\n\u003Cp\u003E3)  3\u003C/p\u003E\r\n\r\n\u003Cp\u003E4)  4\u003C/p\u003E","time_create":"2023-10-01T21:59:20.663Z","time_update":"2023-10-01T21:59:20.663Z","solution":"\u003Cp\u003EПоследовательно получаем:\u003C/p\u003E\r\n\r\n\u003Cp\u003E\u003Cimg alt=\" система выражений x плюс 2,6 меньше или равно 0,x плюс 5 больше или равно 1. конец системы равносильно система выражений  новая строка x меньше или равно минус 2,6, новая строка x больше или равно минус 4 конец системы равносильно минус 4 меньше или равно x меньше или равно минус 2,6.\" src=\"https://oge.sdamgia.ru/formula/svg/2c/2c91c78b5c3aacf37bee652be9bb4173.svg\" /\u003E\u003C/p\u003E\r\n\r\n\u003Cp\u003EТаким образом, решение неравенства изображено на рисунке 2.\u003C/p\u003E","criteria":"","part2":false}},{"model":"math_app.test","pk":35,"fields":{"exercise":22,"problem_text":"\u003Cp\u003EВика решила начать делать зарядку каждое утро. В первый день она сделала 30 приседаний, а в каждый следующий день она делала на одно и то же количество приседаний больше, чем в предыдущий день. За 15 дней она сделала всего 975 приседаний. Сколько приседаний сделала Вика в пятый день?\u003C/p\u003E","time_create":"2023-10-01T22:00:06.962Z","time_update":"2023-10-01T22:00:06.962Z","solution":"\u003Cp\u003EВика в первый день сделала 30 приседаний, значит, \u003Cimg alt=\"a_1 = 30,\" src=\"https://oge.sdamgia.ru/formula/svg/27/2775b19d3eef0cb680c97cf6140d3735.svg\" /\u003E во второй  &mdash; \u003Cimg alt=\"a_2,\" src=\"https://oge.sdamgia.ru/formula/svg/94/941820a987b9181fd8f13032241cbb5f.svg\" /\u003E &hellip; , в последний  &mdash; \u003Cimg alt=\"a_n\" src=\"https://oge.sdamgia.ru/formula/svg/40/40946a3e1e1ca1b9a8cbe88e187f4172.svg\" /\u003E приседаний. Тогда \u003Cimg alt=\"S_n=975\" src=\"https://oge.sdamgia.ru/formula/svg/2f/2f69205586a5ace0a66939f417cb1496.svg\" /\u003E приседаний. Так как \u003Cimg alt=\"S_n= дробь: числитель: 2a_1 плюс d левая круглая скобка n минус 1 правая круглая скобка , знаменатель: 2 конец дроби n, \" src=\"https://oge.sdamgia.ru/formula/svg/0e/0ebdfb71fd5fba9bb2b4a86379062295.svg\" /\u003E получим, что Вика увеличивала на\u003C/p\u003E\r\n\r\n\u003Cp\u003E\u003Cimg alt=\"975= дробь: числитель: 2 умножить на 30 плюс d левая круглая скобка 15 минус 1 правая круглая скобка , знаменатель: 2 конец дроби } умножить на 15 равносильно дробь: числитель: 975 умножить на 2, знаменатель: 15 конец дроби =60 плюс 14d равносильно 130 минус 60 = 14d равносильно 70=14d равносильно d =5 \" src=\"https://oge.sdamgia.ru/formula/svg/7c/7cee1d26f4b68fa2ee8982b7ebe04150.svg\" /\u003E приседаний в день.\u003C/p\u003E\r\n\r\n\u003Cp\u003EЗная \u003Cem\u003Ed\u003C/em\u003E, найдем \u003Cem\u003Ea\u003C/em\u003E\u003Csub\u003E5\u003C/sub\u003E:\u003C/p\u003E\r\n\r\n\u003Cp\u003E&nbsp;\u003C/p\u003E\r\n\r\n\u003Cp\u003E\u003Cimg alt=\"a_5=a_1 плюс d левая круглая скобка n минус 1 правая круглая скобка \\Rightarrow a_5=30 плюс 5 левая круглая скобка 5 минус 1 правая круглая скобка =30 плюс 20 = 50.\" src=\"https://oge.sdamgia.ru/formula/svg/fb/fba3ff1f4c114f65981971ee1f9e2708.svg\" /\u003E\u003C/p\u003E","criteria":"","part2":false}},{"model":"math_app.test","pk":36,"fields":{"exercise":23,"problem_text":"\u003Cp\u003EВ равнобедренном треугольнике \u003Cem\u003EABC\u003C/em\u003E с основанием \u003Cem\u003EAC\u003C/em\u003E внешний угол при вершине \u003Cem\u003EC\u003C/em\u003E равен 123&deg;. Найдите величину угла \u003Cem\u003EВАС\u003C/em\u003E. Ответ дайте в градусах.\u003C/p\u003E\r\n\r\n\u003Cp\u003E\u003Cimg alt=\"\" src=\"https://math-oge.sdamgia.ru/get_file?id=58475\" /\u003E\u003C/p\u003E","time_create":"2023-10-01T22:01:54.840Z","time_update":"2023-10-01T22:01:54.840Z","solution":"\u003Cp\u003EСумма смежных углов равна 180&deg;, поэтому \u003Cimg alt=\"\\angle BCA=180 градусов минус 123 градусов=57 градусов.\" src=\"https://oge.sdamgia.ru/formula/svg/af/afcc6050a33107c3498b86a3c6626abf.svg\" /\u003E В равнобедренном треугольнике углы при основании равны, следовательно, \u003Cimg alt=\"\\angle BAC=\\angle BCA=57 градусов.\" src=\"https://oge.sdamgia.ru/formula/svg/08/08211fbbfd8670bfcd399867b72c4145.svg\" /\u003E\u003C/p\u003E","criteria":"","part2":false}},{"model":"math_app.test","pk":37,"fields":{"exercise":24,"problem_text":"\u003Cp\u003EНайдите длину хорды окружности радиусом 13 см, если расстояние от центра окружности до хорды равно 5 см. Ответ дайте в см.\u003C/p\u003E\r\n\r\n\u003Cp\u003E\u003Cimg alt=\"\" src=\"https://math-oge.sdamgia.ru/get_file?id=58476\" /\u003E\u003C/p\u003E","time_create":"2023-10-01T22:04:26.077Z","time_update":"2023-10-01T22:04:26.077Z","solution":"\u003Cp\u003EПроведем построение и введем обозначения, как показано на рисунке. Рассмотрим треугольники \u003Cem\u003EAOH\u003C/em\u003E и \u003Cem\u003EHOB\u003C/em\u003E, они прямоугольные, \u003Cem\u003EOH\u003C/em\u003E  &mdash; общая, \u003Cem\u003EAO\u003C/em\u003E и \u003Cem\u003EOB\u003C/em\u003E равны как радиусы окружности, следовательно, эти треугольники равны, откуда \u003Cimg alt=\"AH=HB= дробь: числитель: AB, знаменатель: 2 конец дроби . \" src=\"https://oge.sdamgia.ru/formula/svg/35/3526c22bb71d54fc84dedb6161e3b217.svg\" /\u003E По теореме Пифагора найдем длину отрезка \u003Cimg alt=\"AH:\" src=\"https://oge.sdamgia.ru/formula/svg/df/df0ce8e1e66d48ab99aca1fea9834c46.svg\" /\u003E\u003C/p\u003E\r\n\r\n\u003Cp\u003E\u003Cimg alt=\"AH= корень из: начало аргумента: AO в квадрате минус OH в квадрате конец аргумента = корень из: начало аргумента: 13 в квадрате минус 5 в квадрате конец аргумента =\" src=\"https://oge.sdamgia.ru/formula/svg/e5/e52c6df9746ef4307c84d7bde32cc61b.svg\" /\u003E\u003Cimg alt=\"= корень из: начало аргумента: левая круглая скобка 13 минус 5 правая круглая скобка левая круглая скобка 13 плюс 5 правая круглая скобка конец аргумента = корень из: начало аргумента: 8 умножить на 18 конец аргумента = корень из: начало аргумента: 9 умножить на 16 конец аргумента =3 умножить на 4=12.\" src=\"https://oge.sdamgia.ru/formula/svg/10/1091cd0e45c585dd031e6766cdf2ca19.svg\" /\u003E\u003C/p\u003E\r\n\r\n\u003Cp\u003EСледовательно, \u003Cimg alt=\"AB=2AH=2 умножить на 12=24.\" src=\"https://oge.sdamgia.ru/formula/svg/e5/e543797fd4c96498bd1ab4d459d622b1.svg\" /\u003E\u003C/p\u003E\r\n\r\n\u003Cp\u003E\u003Cimg alt=\"\" src=\"https://math-oge.sdamgia.ru/get_file?id=58477\" /\u003E\u003C/p\u003E","criteria":"","part2":false}},{"model":"math_app.test","pk":38,"fields":{"exercise":25,"problem_text":"\u003Cp\u003EНайдите площадь трапеции, изображенной на рисунке.\u003C/p\u003E\r\n\r\n\u003Cp\u003E\u003Cimg alt=\"\" src=\"https://math-oge.sdamgia.ru/get_file?id=41076\" /\u003E\u003C/p\u003E","time_create":"2023-10-01T22:05:43.425Z","time_update":"2023-10-01T22:05:43.425Z","solution":"\u003Cp\u003EПлощадь трапеции равна произведению полусуммы оснований на высоту:\u003C/p\u003E\r\n\r\n\u003Cp\u003E\u003Cimg alt=\"S= дробь: числитель: 7 плюс 9 плюс 12, знаменатель: 2 конец дроби умножить на 12=168. \" src=\"https://oge.sdamgia.ru/formula/svg/03/0305926a77c8edf571d4d64a0a050c13.svg\" /\u003E\u003C/p\u003E","criteria":"","part2":false}},{"model":"math_app.test","pk":39,"fields":{"exercise":26,"problem_text":"\u003Cp\u003EНайдите тангенс острого угла, изображенного на рисунке.\u003C/p\u003E\r\n\r\n\u003Cp\u003E\u003Cimg alt=\"\" src=\"https://math-oge.sdamgia.ru/get_file?id=58479\" /\u003E\u003C/p\u003E","time_create":"2023-10-01T22:07:31.837Z","time_update":"2023-10-01T22:07:31.837Z","solution":"\u003Cp\u003EПроведем дополнительное построение (см. рис.). Тангенс угла в прямоугольном треугольнике равен отношению противолежащего катета к прилежащему, поэтому он равен 4 : 2  =  2.\u003C/p\u003E\r\n\r\n\u003Cp\u003E\u003Cimg alt=\"\" src=\"https://math-oge.sdamgia.ru/get_file?id=58478\" /\u003E\u003C/p\u003E","criteria":"","part2":false}},{"model":"math_app.test","pk":40,"fields":{"exercise":27,"problem_text":"\u003Cp\u003EКакие из следующих утверждений верны?\u003C/p\u003E\r\n\r\n\u003Cp\u003E1)  Через точку, не лежащую на данной прямой, можно провести прямую, параллельную этой прямой.\u003C/p\u003E\r\n\r\n\u003Cp\u003E2)  Треугольник со сторонами 1, 2, 4 существует.\u003C/p\u003E\r\n\r\n\u003Cp\u003E3)  В любом параллелограмме есть два равных угла.\u003C/p\u003E","time_create":"2023-10-01T22:08:25.121Z","time_update":"2023-10-01T22:08:25.121Z","solution":"\u003Cp\u003EПроверим каждое из утверждений:\u003C/p\u003E\r\n\r\n\u003Cp\u003E1)  \u003Cem\u003EЧерез точку, не лежащую на данной прямой, можно провести прямую, параллельную этой прямой.\u003C/em\u003E Это утверждение верно, причем такая прямая единственна.\u003C/p\u003E\r\n\r\n\u003Cp\u003E2)  \u003Cem\u003EТреугольник со сторонами 1, 2, 4 существует.\u003C/em\u003E Это утверждение неверно, так как в треугольнике каждая сторона должна быть меньше суммы двух других, а 4 &gt; 1 + 2.\u003C/p\u003E\r\n\r\n\u003Cp\u003E3)  \u003Cem\u003EВ любом параллелограмме есть два равных угла.\u003C/em\u003E Верно, противоположные углы параллелограмма равны. В параллелограмме могут быть равны и все четыре угла, примером такого параллелограмма является прямоугольник.\u003C/p\u003E","criteria":"","part2":false}},{"model":"math_app.test","pk":41,"fields":{"exercise":28,"problem_text":"\u003Cp\u003EРыболов в 5 часов утра на моторной лодке отправился от пристани против течения реки, через некоторое время бросил якорь, 2 часа ловил рыбу и вернулся обратно в 10 часов утра того же дня. На какое расстояние от пристани он отплыл, если скорость реки равна 2 км/ч, а собственная скорость лодки 6 км/ч?\u003C/p\u003E","time_create":"2023-10-01T22:10:16.325Z","time_update":"2024-05-09T22:39:59.706Z","solution":"\u003Cp\u003EПусть искомое расстояние равно \u003Cem\u003Ex\u003C/em\u003E км. Скорость лодки при движении против течения равна 4 км/ч, при движении по течению равна 8 км/ч. Время, за которое лодка доплывет от места отправления до места назначения и обратно, равно \u003Cimg alt=\" левая круглая скобка дробь: числитель: x, знаменатель: 4 конец дроби плюс дробь: числитель: x, знаменатель: 8 конец дроби правая круглая скобка \" src=\"https://oge.sdamgia.ru/formula/svg/ac/acf140b975c2959277eb6ee09f3175f4.svg\" /\u003E часа. Из условия задачи следует, что это время равно 3 часам. Составим уравнение:\u003C/p\u003E\r\n\r\n\u003Cp\u003E\u003Cimg alt=\" дробь: числитель: x, знаменатель: 4 конец дроби плюс дробь: числитель: x, знаменатель: 8 конец дроби =3 равносильно 2x плюс x=24 равносильно x=8. \" src=\"https://oge.sdamgia.ru/formula/svg/24/24b479d46924a87704005dd534e5b28f.svg\" /\u003E\u003C/p\u003E","criteria":"\u003Ctable border=\"1\" cellpadding=\"1\" cellspacing=\"1\" style=\"width:500px\"\u003E\r\n\t\u003Ctbody\u003E\r\n\t\t\u003Ctr\u003E\r\n\t\t\t\u003Cth\u003EКритерии оценивания выполнения задания\u003C/th\u003E\r\n\t\t\t\u003Cth\u003EБаллы\u003C/th\u003E\r\n\t\t\u003C/tr\u003E\r\n\t\t\u003Ctr\u003E\r\n\t\t\t\u003Ctd\u003EПравильно составлено уравнение, получен верный ответ.\u003C/td\u003E\r\n\t\t\t\u003Ctd style=\"text-align:center\"\u003E2\u003C/td\u003E\r\n\t\t\u003C/tr\u003E\r\n\t\t\u003Ctr\u003E\r\n\t\t\t\u003Ctd\u003EПравильно составлено уравнение, но при его решении допущена вычислительная ошибка, с её учётом решение доведено до ответа.\u003C/td\u003E\r\n\t\t\t\u003Ctd style=\"text-align:center\"\u003E1\u003C/td\u003E\r\n\t\t\u003C/tr\u003E\r\n\t\t\u003Ctr\u003E\r\n\t\t\t\u003Ctd\u003EДругие случаи, не соответствующие указанным критериям.\u003C/td\u003E\r\n\t\t\t\u003Ctd style=\"text-align:center\"\u003E0\u003C/td\u003E\r\n\t\t\u003C/tr\u003E\r\n\t\t\u003Ctr\u003E\r\n\t\t\t\u003Ctd\u003E\u003Cstrong\u003EМаксимальный балл\u003C/strong\u003E\u003C/td\u003E\r\n\t\t\t\u003Ctd style=\"text-align:center\"\u003E\u003Cstrong\u003E2\u003C/strong\u003E\u003C/td\u003E\r\n\t\t\u003C/tr\u003E\r\n\t\u003C/tbody\u003E\r\n\u003C/table\u003E\r\n\r\n\u003Cp\u003E&nbsp;\u003C/p\u003E","part2":true}},{"model":"math_app.test","pk":42,"fields":{"exercise":29,"problem_text":"\u003Cp\u003EПостройте график функции \u003Cimg alt=\"y= дробь: числитель: x в степени 4 минус 13x в квадрате плюс 36, знаменатель: левая круглая скобка x минус 3 правая круглая скобка левая круглая скобка x плюс 2 правая круглая скобка конец дроби \" src=\"https://oge.sdamgia.ru/formula/svg/7b/7baf599a70133561e6fd739611098704.svg\" /\u003E и определите, при каких значениях параметра \u003Cem\u003Eс\u003C/em\u003E прямая \u003Cem\u003Ey\u003C/em\u003E  =  \u003Cem\u003Ec\u003C/em\u003E имеет с графиком ровно одну общую точку.\u003C/p\u003E","time_create":"2023-10-01T22:11:32.828Z","time_update":"2024-05-09T22:40:22.846Z","solution":"\u003Cp\u003EРазложим числитель дроби на множители:\u003C/p\u003E\r\n\r\n\u003Cp\u003E\u003Cimg alt=\"x в степени 4 минус 13x в квадрате плюс 36= левая круглая скобка x в квадрате минус 4 правая круглая скобка левая круглая скобка x в квадрате минус 9 правая круглая скобка = левая круглая скобка x минус 2 правая круглая скобка левая круглая скобка x плюс 2 правая круглая скобка левая круглая скобка x минус 3 правая круглая скобка левая круглая скобка x плюс 3 правая круглая скобка \" src=\"https://oge.sdamgia.ru/formula/svg/21/2161226767fafcf5a42664a52bd89d28.svg\" /\u003E\u003C/p\u003E\r\n\r\n\u003Cp\u003E\u003Cimg alt=\"\" src=\"https://math-oge.sdamgia.ru/get_file?id=58480\" /\u003E\u003C/p\u003E\r\n\r\n\u003Cp\u003E&nbsp;\u003C/p\u003E\r\n\r\n\u003Cp\u003EПри \u003Cem\u003Ex\u003C/em\u003E &ne; &minus;2 и \u003Cem\u003Ex\u003C/em\u003E &ne; 3 функция принимает вид:\u003C/p\u003E\r\n\r\n\u003Cp\u003E&nbsp;\u003C/p\u003E\r\n\r\n\u003Cp\u003E\u003Cimg alt=\"y= левая круглая скобка x минус 2 правая круглая скобка левая круглая скобка x плюс 3 правая круглая скобка =x в квадрате плюс x минус 6.\" src=\"https://oge.sdamgia.ru/formula/svg/57/575b61daef0ef7e55c74c26523942bbb.svg\" /\u003E\u003C/p\u003E\r\n\r\n\u003Cp\u003E&nbsp;\u003C/p\u003E\r\n\r\n\u003Cp\u003EГрафик данной функции  &mdash; парабола, с выколотыми точками (&minus;2; &minus;4) и (3; 6).\u003C/p\u003E\r\n\r\n\u003Cp\u003EПрямая \u003Cem\u003Ey\u003C/em\u003E  =  \u003Cem\u003Ec\u003C/em\u003E имеет с графиком ровно одну общую точку либо тогда, когда\u003C/p\u003E\r\n\r\n\u003Cp\u003Eпроходит через вершину параболы, либо тогда, когда пересекает параболу в двух точках, одна из которых  &mdash; выколотая. Вершина параболы имеет координаты (&minus;0,5; &minus;6,25). Поэтому \u003Cem\u003Ec\u003C/em\u003E  =  &minus;6,25, \u003Cem\u003Ec\u003C/em\u003E  =  &minus;4 или \u003Cem\u003Ec\u003C/em\u003E  =  6.\u003C/p\u003E\r\n\r\n\u003Cp\u003E&nbsp;\u003C/p\u003E","criteria":"\u003Ctable border=\"1\" cellpadding=\"1\" cellspacing=\"1\" style=\"width:500px\"\u003E\r\n\t\u003Ctbody\u003E\r\n\t\t\u003Ctr\u003E\r\n\t\t\t\u003Cth\u003EКритерии оценивания выполнения задания\u003C/th\u003E\r\n\t\t\t\u003Cth\u003EБаллы\u003C/th\u003E\r\n\t\t\u003C/tr\u003E\r\n\t\t\u003Ctr\u003E\r\n\t\t\t\u003Ctd\u003EГрафик построен правильно, верно указаны все значения \u003Cem\u003Ec\u003C/em\u003E, при которых прямая \u003Cem\u003Ey\u003C/em\u003E&nbsp;=&nbsp;\u003Cem\u003Ec\u003C/em\u003E имеет с графиком только одну общую точку.\u003C/td\u003E\r\n\t\t\t\u003Ctd style=\"text-align:center\"\u003E2\u003C/td\u003E\r\n\t\t\u003C/tr\u003E\r\n\t\t\u003Ctr\u003E\r\n\t\t\t\u003Ctd\u003EГрафик построен правильно, указаны не все верные значения \u003Cem\u003Ec\u003C/em\u003E.\u003C/td\u003E\r\n\t\t\t\u003Ctd style=\"text-align:center\"\u003E1\u003C/td\u003E\r\n\t\t\u003C/tr\u003E\r\n\t\t\u003Ctr\u003E\r\n\t\t\t\u003Ctd\u003EДругие случаи, не соответствующие указанным критериям.\u003C/td\u003E\r\n\t\t\t\u003Ctd style=\"text-align:center\"\u003E0\u003C/td\u003E\r\n\t\t\u003C/tr\u003E\r\n\t\t\u003Ctr\u003E\r\n\t\t\t\u003Ctd\u003E\u003Cstrong\u003EМаксимальный балл\u003C/strong\u003E\u003C/td\u003E\r\n\t\t\t\u003Ctd style=\"text-align:center\"\u003E\u003Cstrong\u003E2\u003C/strong\u003E\u003C/td\u003E\r\n\t\t\u003C/tr\u003E\r\n\t\u003C/tbody\u003E\r\n\u003C/table\u003E\r\n\r\n\u003Cp\u003E&nbsp;\u003C/p\u003E","part2":true}},{"model":"math_app.test","pk":43,"fields":{"exercise":30,"problem_text":"\u003Cp\u003EВ прямоугольном треугольнике \u003Cem\u003EABC\u003C/em\u003E с прямым углом \u003Cem\u003EC\u003C/em\u003E известны катеты: \u003Cem\u003EAC\u003C/em\u003E  =  6 , \u003Cem\u003EBC\u003C/em\u003E  =  8 . Найдите медиану \u003Cem\u003ECK\u003C/em\u003E этого треугольника.\u003C/p\u003E","time_create":"2023-10-01T22:12:58.091Z","time_update":"2024-05-09T22:40:35.081Z","solution":"\u003Cp\u003EМедиана в прямоугольном треугольнике равна половине гипотенузы, поэтому:\u003C/p\u003E\r\n\r\n\u003Cp\u003E\u003Cimg alt=\"CK= дробь: числитель: 1, знаменатель: 2 конец дроби AB= дробь: числитель: 1, знаменатель: 2 конец дроби корень из: начало аргумента: AC в квадрате плюс BC в квадрате конец аргумента = дробь: числитель: 1, знаменатель: 2 конец дроби корень из: начало аргумента: 36 плюс 64 конец аргумента =5. \" src=\"https://oge.sdamgia.ru/formula/svg/51/51170f888e497b22ce81d6bb9d6c2405.svg\" /\u003E\u003C/p\u003E\r\n\r\n\u003Cp\u003E\u003Cimg alt=\"\" src=\"https://math-oge.sdamgia.ru/get_file?id=44273\" /\u003E\u003C/p\u003E","criteria":"\u003Ctable border=\"1\" cellpadding=\"1\" cellspacing=\"1\" style=\"width:500px\"\u003E\r\n\t\u003Ctbody\u003E\r\n\t\t\u003Ctr\u003E\r\n\t\t\t\u003Cth style=\"width:876px\"\u003EКритерии оценивания выполнения задания\u003C/th\u003E\r\n\t\t\t\u003Cth style=\"width:82px\"\u003EБаллы\u003C/th\u003E\r\n\t\t\u003C/tr\u003E\r\n\t\t\u003Ctr\u003E\r\n\t\t\t\u003Ctd style=\"width:876px\"\u003EХод решения верный, все его шаги выполнены правильно, получен верный ответ.\u003C/td\u003E\r\n\t\t\t\u003Ctd style=\"text-align:center; width:82px\"\u003E2\u003C/td\u003E\r\n\t\t\u003C/tr\u003E\r\n\t\t\u003Ctr\u003E\r\n\t\t\t\u003Ctd style=\"width:876px\"\u003EХод решения верный, все его шаги выполнены правильно, но даны неполные объяснения или допущена одна вычислительная ошибка.\u003C/td\u003E\r\n\t\t\t\u003Ctd style=\"text-align:center; width:82px\"\u003E1\u003C/td\u003E\r\n\t\t\u003C/tr\u003E\r\n\t\t\u003Ctr\u003E\r\n\t\t\t\u003Ctd style=\"width:876px\"\u003EДругие случаи, не соответствующие указанным критериям.\u003C/td\u003E\r\n\t\t\t\u003Ctd style=\"text-align:center; width:82px\"\u003E0\u003C/td\u003E\r\n\t\t\u003C/tr\u003E\r\n\t\t\u003Ctr\u003E\r\n\t\t\t\u003Ctd style=\"width:876px\"\u003E\u003Cstrong\u003EМаксимальный балл\u003C/strong\u003E\u003C/td\u003E\r\n\t\t\t\u003Ctd style=\"text-align:center; width:82px\"\u003E\u003Cstrong\u003E2\u003C/strong\u003E\u003C/td\u003E\r\n\t\t\u003C/tr\u003E\r\n\t\u003C/tbody\u003E\r\n\u003C/table\u003E\r\n\r\n\u003Cp\u003E&nbsp;\u003C/p\u003E","part2":true}},{"model":"math_app.test","pk":44,"fields":{"exercise":31,"problem_text":"\u003Cp\u003EВ параллелограмме \u003Cem\u003EABCD\u003C/em\u003E точка \u003Cem\u003EE\u003C/em\u003E  &mdash; середина стороны \u003Cem\u003EAB\u003C/em\u003E. Известно, что \u003Cem\u003EEC\u003C/em\u003E  =  \u003Cem\u003EED\u003C/em\u003E. Докажите, что данный параллелограмм  &mdash; прямоугольник.\u003C/p\u003E","time_create":"2023-10-01T22:14:13.561Z","time_update":"2024-05-09T22:40:55.703Z","solution":"\u003Cp\u003EТреугольники \u003Cem\u003EBEC\u003C/em\u003E и \u003Cem\u003EAED\u003C/em\u003E равны по трем сторонам. Значит, углы \u003Cem\u003ECBE\u003C/em\u003E и \u003Cem\u003EDAE\u003C/em\u003E равны. Так как их сумма равна 180&deg; , то углы равны 90&deg; . Такой параллелограмм  &mdash; прямоугольник.\u003C/p\u003E\r\n\r\n\u003Cp\u003E\u003Cimg alt=\"\" src=\"https://math-oge.sdamgia.ru/get_file?id=44492\" /\u003E\u003C/p\u003E","criteria":"\u003Ctable border=\"1\" cellpadding=\"1\" cellspacing=\"1\" style=\"width:500px\"\u003E\r\n\t\u003Ctbody\u003E\r\n\t\t\u003Ctr\u003E\r\n\t\t\t\u003Cth style=\"text-align:left\"\u003EКритерии оценивания выполнения задания\u003C/th\u003E\r\n\t\t\t\u003Cth\u003EБаллы\u003C/th\u003E\r\n\t\t\u003C/tr\u003E\r\n\t\t\u003Ctr\u003E\r\n\t\t\t\u003Ctd\u003EДоказательство верное, все шаги обоснованы.\u003C/td\u003E\r\n\t\t\t\u003Ctd style=\"text-align:center\"\u003E2\u003C/td\u003E\r\n\t\t\u003C/tr\u003E\r\n\t\t\u003Ctr\u003E\r\n\t\t\t\u003Ctd\u003EДоказательство в целом верное, но содержит неточности.\u003C/td\u003E\r\n\t\t\t\u003Ctd style=\"text-align:center\"\u003E1\u003C/td\u003E\r\n\t\t\u003C/tr\u003E\r\n\t\t\u003Ctr\u003E\r\n\t\t\t\u003Ctd\u003EДругие случаи, не соответствующие указанным критериям.\u003C/td\u003E\r\n\t\t\t\u003Ctd style=\"text-align:center\"\u003E0\u003C/td\u003E\r\n\t\t\u003C/tr\u003E\r\n\t\t\u003Ctr\u003E\r\n\t\t\t\u003Ctd\u003E\u003Cstrong\u003EМаксимальный балл\u003C/strong\u003E\u003C/td\u003E\r\n\t\t\t\u003Ctd style=\"text-align:center\"\u003E\u003Cstrong\u003E2\u003C/strong\u003E\u003C/td\u003E\r\n\t\t\u003C/tr\u003E\r\n\t\u003C/tbody\u003E\r\n\u003C/table\u003E\r\n\r\n\u003Cp\u003E&nbsp;\u003C/p\u003E","part2":true}},{"model":"math_app.test","pk":45,"fields":{"exercise":32,"problem_text":"\u003Cp\u003EОснование \u003Cem\u003EAC\u003C/em\u003E равнобедренного треугольника \u003Cem\u003EABC\u003C/em\u003E равно 12. Окружность радиуса 8 с центром вне этого треугольника касается продолжений боковых сторон треугольника и касается основания \u003Cem\u003EAC\u003C/em\u003E. Найдите радиус окружности, вписанной в треугольник \u003Cem\u003EABC\u003C/em\u003E.\u003C/p\u003E","time_create":"2023-10-01T22:15:28.252Z","time_update":"2024-05-09T22:41:21.036Z","solution":"\u003Cp\u003EПусть \u003Cem\u003EO\u003C/em\u003E  &mdash; центр данной окружности, а \u003Cem\u003EQ\u003C/em\u003E  &mdash; центр окружности, вписанной в треугольник \u003Cem\u003EABC\u003C/em\u003E. Точка касания \u003Cem\u003EM\u003C/em\u003E окружностей делит \u003Cem\u003EAC\u003C/em\u003E пополам. \u003Cem\u003EAQ\u003C/em\u003E и \u003Cem\u003EAO\u003C/em\u003E  &mdash; биссектрисы смежных углов, значит, угол \u003Cem\u003EOAQ\u003C/em\u003E прямой. Из прямоугольного треугольника \u003Cem\u003EOAQ\u003C/em\u003E получаем: \u003Cem\u003EAM\u003C/em\u003E\u003Csup\u003E 2\u003C/sup\u003E  =  \u003Cem\u003EMQ\u003C/em\u003E &middot; \u003Cem\u003EMO\u003C/em\u003E. Следовательно,\u003C/p\u003E\r\n\r\n\u003Cp\u003E\u003Cimg alt=\"QM= дробь: числитель: AM в квадрате , знаменатель: OM конец дроби = дробь: числитель: 36, знаменатель: 8 конец дроби =4,5. \" src=\"https://oge.sdamgia.ru/formula/svg/17/175ac964b00b49d518c68377651d8f70.svg\" /\u003E\u003C/p\u003E\r\n\r\n\u003Cp\u003E\u003Cimg alt=\"\" src=\"https://math-oge.sdamgia.ru/get_file?id=58481\" /\u003E\u003C/p\u003E","criteria":"\u003Ctable border=\"1\" cellpadding=\"1\" cellspacing=\"1\" style=\"width:500px\"\u003E\r\n\t\u003Ctbody\u003E\r\n\t\t\u003Ctr\u003E\r\n\t\t\t\u003Cth style=\"width:835px\"\u003EКритерии оценивания выполнения задания\u003C/th\u003E\r\n\t\t\t\u003Cth style=\"width:123px\"\u003EБаллы\u003C/th\u003E\r\n\t\t\u003C/tr\u003E\r\n\t\t\u003Ctr\u003E\r\n\t\t\t\u003Ctd style=\"width:835px\"\u003EХод решения верный, все его шаги выполнены правильно, получен верный ответ.\u003C/td\u003E\r\n\t\t\t\u003Ctd style=\"text-align:center; width:123px\"\u003E2\u003C/td\u003E\r\n\t\t\u003C/tr\u003E\r\n\t\t\u003Ctr\u003E\r\n\t\t\t\u003Ctd style=\"width:835px\"\u003EХод решения верный, все его шаги выполнены правильно, но даны неполные объяснения или допущена одна вычислительная ошибка.\u003C/td\u003E\r\n\t\t\t\u003Ctd style=\"text-align:center; width:123px\"\u003E1\u003C/td\u003E\r\n\t\t\u003C/tr\u003E\r\n\t\t\u003Ctr\u003E\r\n\t\t\t\u003Ctd style=\"width:835px\"\u003EДругие случаи, не соответствующие указанным критериям.\u003C/td\u003E\r\n\t\t\t\u003Ctd style=\"text-align:center; width:123px\"\u003E0\u003C/td\u003E\r\n\t\t\u003C/tr\u003E\r\n\t\t\u003Ctr\u003E\r\n\t\t\t\u003Ctd style=\"width:835px\"\u003E\u003Cstrong\u003EМаксимальный балл\u003C/strong\u003E\u003C/td\u003E\r\n\t\t\t\u003Ctd style=\"text-align:center; width:123px\"\u003E\u003Cstrong\u003E2\u003C/strong\u003E\u003C/td\u003E\r\n\t\t\u003C/tr\u003E\r\n\t\u003C/tbody\u003E\r\n\u003C/table\u003E\r\n\r\n\u003Cp\u003E&nbsp;\u003C/p\u003E","part2":true}},{"model":"math_app.test","pk":46,"fields":{"exercise":33,"problem_text":"\u003Cp\u003EДля объектов, указанных в таблице, определите, какими цифрами они обозначены на плане. Заполните таблицу, в ответ запишите последовательность четырех цифр.\u003C/p\u003E\r\n\r\n\u003Ctable\u003E\r\n\t\u003Ctbody\u003E\r\n\t\t\u003Ctr\u003E\r\n\t\t\t\u003Cth\u003EОбъекты\u003C/th\u003E\r\n\t\t\t\u003Ctd\u003EКнижный шкаф\u003C/td\u003E\r\n\t\t\t\u003Ctd\u003EДиван\u003C/td\u003E\r\n\t\t\t\u003Ctd\u003EТоршер\u003C/td\u003E\r\n\t\t\t\u003Ctd\u003EСтул\u003C/td\u003E\r\n\t\t\u003C/tr\u003E\r\n\t\t\u003Ctr\u003E\r\n\t\t\t\u003Cth\u003EЦифры\u003C/th\u003E\r\n\t\t\t\u003Ctd\u003E&nbsp;\u003C/td\u003E\r\n\t\t\t\u003Ctd\u003E&nbsp;\u003C/td\u003E\r\n\t\t\t\u003Ctd\u003E&nbsp;\u003C/td\u003E\r\n\t\t\t\u003Ctd\u003E&nbsp;\u003C/td\u003E\r\n\t\t\u003C/tr\u003E\r\n\t\u003C/tbody\u003E\r\n\u003C/table\u003E","time_create":"2023-10-04T11:21:27.183Z","time_update":"2023-10-04T11:21:27.183Z","solution":"\u003Cp\u003EСлева от двери у стены будет собран книжный шкаф, значит, книжный шкаф отмечен цифрой 1. В глубине комнаты у стены планируется поставить диван, поэтому диван отмечен на плане цифрой 3. Справа от дивана будет стоять торшер, следовательно, торшер отмечен цифрой 7. У стены справа от двери планируется поставить письменный стол, а перед ним поставить стул, значит, стул отмечен цифрой 5.\u003C/p\u003E","criteria":"","part2":false}},{"model":"math_app.test","pk":47,"fields":{"exercise":33,"problem_text":"\u003Cp\u003EПаркетная доска продается в упаковках по 15 штук. Сколько упаковок с паркетной доской нужно купить, чтобы покрыть пол гостиной?\u003C/p\u003E","time_create":"2023-10-04T11:21:27.184Z","time_update":"2023-10-04T11:21:27.184Z","solution":"\u003Cp\u003EЗаметим, что чтобы покрыть паркетной доской 0,16 м\u003Csup\u003E2\u003C/sup\u003E пола, требуется 2 доски. Найдем площадь гостиной:\u003C/p\u003E\r\n\r\n\u003Cp\u003E\u003Cimg alt=\"0,4 умножить на 8 умножить на 0,4 умножить на 12=15,36\" src=\"https://oge.sdamgia.ru/formula/svg/1a/1add8db2c7edcaba15974ec58978a381.svg\" /\u003E м\u003Csup\u003E2\u003C/sup\u003E.\u003C/p\u003E\r\n\r\n\u003Cp\u003EЗначит, требуется \u003Cimg alt=\" дробь: числитель: 15,36, знаменатель: 0,16 конец дроби умножить на 2=192 \" src=\"https://oge.sdamgia.ru/formula/svg/59/59ebe283ce3d39d1c23510fff8fcd3ea.svg\" /\u003E доски. Следовательно, требуется \u003Cimg alt=\" дробь: числитель: 192, знаменатель: 15 конец дроби =12,8 \" src=\"https://oge.sdamgia.ru/formula/svg/67/6724624f2506a508b203c358681edbdb.svg\" /\u003E упаковок с паркетной доской. Таким образом, необходимо купить 13 упаковок.\u003C/p\u003E","criteria":"","part2":false}},{"model":"math_app.test","pk":48,"fields":{"exercise":33,"problem_text":"\u003Cp\u003EНайдите площадь той части гостиной, на которой будет смонтирован электрический подогрев пола. Ответ дайте в м\u003Csup\u003E2\u003C/sup\u003E.\u003C/p\u003E","time_create":"2023-10-04T11:21:27.185Z","time_update":"2023-10-04T11:21:27.185Z","solution":"\u003Cp\u003EСторона одной клетки равна 0,4 м. Значит, площадь гостиной равна:\u003C/p\u003E\r\n\r\n\u003Cp\u003E\u003Cimg alt=\"0,4 умножить на 8 умножить на 0,4 умножить на 12=15,36\" src=\"https://oge.sdamgia.ru/formula/svg/1a/1add8db2c7edcaba15974ec58978a381.svg\" /\u003E м\u003Csup\u003E2\u003C/sup\u003E.\u003C/p\u003E\r\n\r\n\u003Cp\u003EВладелец не станет подводить обогрев под книжный шкаф, кресло, диван и комод, а также на участок площадью 0,16 м\u003Csup\u003E2\u003C/sup\u003E между диваном и торшером. Книжный шкаф занимает площадь \u003Cimg alt=\"0,4 умножить на 1 умножить на 0,4 умножить на 6=0,96\" src=\"https://oge.sdamgia.ru/formula/svg/d4/d4c63930a6b7508d54ced52a32398448.svg\" /\u003E м\u003Csup\u003E2\u003C/sup\u003E. Диван занимает 1,28 м\u003Csup\u003E2\u003C/sup\u003E. Кресло занимает участок площадью \u003Cimg alt=\"0,4 умножить на 2 умножить на 0,4 умножить на 2=0,64\" src=\"https://oge.sdamgia.ru/formula/svg/d0/d064f85da7d24bee025df789768c8ca8.svg\" /\u003E м\u003Csup\u003E2\u003C/sup\u003E. Комод занимает участок площадью \u003Cimg alt=\"0,4 умножить на 1 умножить на 0,4 умножить на 2=0,32\" src=\"https://oge.sdamgia.ru/formula/svg/98/98cbe3a2a65cce580c7fbe9ff2cfd9ef.svg\" /\u003E м\u003Csup\u003E2\u003C/sup\u003E. Значит, площадь той части гостиной, на которой будет смонтирован электрический подогрев пола, равна\u003C/p\u003E\r\n\r\n\u003Cp\u003E\u003Cimg alt=\"15,36 минус 0,16 минус 0,96 минус 1,28 минус 0,64 минус 0,32=12\" src=\"https://oge.sdamgia.ru/formula/svg/c5/c51ed7758dab673c851d0f82fffeeb6d.svg\" /\u003E м\u003Csup\u003E2\u003C/sup\u003E.\u003C/p\u003E","criteria":"","part2":false}},{"model":"math_app.test","pk":49,"fields":{"exercise":33,"problem_text":"\u003Cp\u003EНайдите расстояние \u003Cem\u003Ed\u003C/em\u003E между противоположными углами кресла (диагональ). Ответ дайте в метрах в формате \u003Cimg alt=\" дробь: числитель: d, знаменатель: корень из: начало аргумента: 2 конец аргумента конец дроби . \" src=\"https://oge.sdamgia.ru/formula/svg/1d/1dfd7c86a9dd7a879d516f1339c354ff.svg\" /\u003E\u003C/p\u003E","time_create":"2023-10-04T11:21:27.185Z","time_update":"2023-10-04T11:21:27.185Z","solution":"\u003Cp\u003EНайдем расстояние между противоположными углами кресла по теореме Пифагора:\u003C/p\u003E\r\n\r\n\u003Cp\u003E\u003Cimg alt=\" корень из: начало аргумента: 0,8 в квадрате плюс 0,8 в квадрате конец аргумента = корень из: начало аргумента: 0,64 плюс 0,64 конец аргумента = корень из: начало аргумента: 1,28 конец аргумента =0,8 корень из: начало аргумента: 2 конец аргумента м.\" src=\"https://oge.sdamgia.ru/formula/svg/a4/a466c6ee4774e7b27287377dc72ad2dd.svg\" /\u003E\u003C/p\u003E\r\n\r\n\u003Cp\u003EТаким образом, получаем ответ: \u003Cimg alt=\" дробь: числитель: 0,8 корень из: начало аргумента: 2 конец аргумента , знаменатель: корень из: начало аргумента: 2 конец аргумента конец дроби =0,8. \" src=\"https://oge.sdamgia.ru/formula/svg/13/1341df3ae0c9f4c5ca1899b7dbc5dd7e.svg\" /\u003E\u003C/p\u003E","criteria":"","part2":false}},{"model":"math_app.test","pk":50,"fields":{"exercise":33,"problem_text":"\u003Cp\u003EВладелец квартиры выбирает торшер из двух моделей А и Б. Цена торшеров и их среднее суточное потребление электроэнергии указаны в таблице. Цена электроэнергии составляет 4 рубля за кВт &middot; ч.\u003C/p\u003E\r\n\r\n\u003Ctable\u003E\r\n\t\u003Ctbody\u003E\r\n\t\t\u003Ctr\u003E\r\n\t\t\t\u003Cth\u003EМодель\u003C/th\u003E\r\n\t\t\t\u003Cth\u003EЦена торшера(руб)\u003C/th\u003E\r\n\t\t\t\u003Cth\u003EСреднее потребление электроэнергии всутки, кВт &middot; ч\u003C/th\u003E\r\n\t\t\u003C/tr\u003E\r\n\t\t\u003Ctr\u003E\r\n\t\t\t\u003Ctd\u003EА\u003C/td\u003E\r\n\t\t\t\u003Ctd\u003E2 000\u003C/td\u003E\r\n\t\t\t\u003Ctd\u003E0,2\u003C/td\u003E\r\n\t\t\u003C/tr\u003E\r\n\t\t\u003Ctr\u003E\r\n\t\t\t\u003Ctd\u003EБ\u003C/td\u003E\r\n\t\t\t\u003Ctd\u003E1 200\u003C/td\u003E\r\n\t\t\t\u003Ctd\u003E0,3\u003C/td\u003E\r\n\t\t\u003C/tr\u003E\r\n\t\u003C/tbody\u003E\r\n\u003C/table\u003E\r\n\r\n\u003Cp\u003EОбдумав оба варианта, владелец квартиры выбрал модель А. Через сколько лет непрерывной работы экономия от меньшего расхода электроэнергии окупит разницу в цене этих торшеров? Ответ округлите до целого числа в большую сторону.\u003C/p\u003E","time_create":"2023-10-04T11:21:27.186Z","time_update":"2023-10-04T11:21:27.186Z","solution":"\u003Cp\u003EРазница в стоимости торшеров равна \u003Cimg alt=\"2000 минус 1200=800\" src=\"https://oge.sdamgia.ru/formula/svg/4c/4cc566e56af4cc4b1bd6f2b31fa7d745.svg\" /\u003E руб. Стоимость электроэнергии за сутки работы первого торшера равна \u003Cimg alt=\"4 умножить на 0,2=0,8\" src=\"https://oge.sdamgia.ru/formula/svg/6d/6d604d0adc086fbf1380df36b2c27792.svg\" /\u003E руб. Стоимость электроэнергии за сутки работы второго торшера равна \u003Cimg alt=\"4 умножить на 0,3=1,2\" src=\"https://oge.sdamgia.ru/formula/svg/93/93656e21503b5f1c9cd65439535a9452.svg\" /\u003E руб. Значит, при установке первого торшера владелец квартиры за сутки экономит \u003Cimg alt=\"1,2 минус 0,8=0,4\" src=\"https://oge.sdamgia.ru/formula/svg/7b/7bb1d1bff8583d87f2c3ff61424045e4.svg\" /\u003E руб. Следовательно, в год владелец квартиры экономит \u003Cimg alt=\"0,4 умножить на 365=146\" src=\"https://oge.sdamgia.ru/formula/svg/19/191d5993caac260779d34fbfe5562f1c.svg\" /\u003E руб. Таким образом, экономия от меньшего расхода электроэнергии окупит разницу в цене этих торшеров через \u003Cimg alt=\" дробь: числитель: 800, знаменатель: 146 конец дроби =5,48 \" src=\"https://oge.sdamgia.ru/formula/svg/03/032343c3d73157658adfcb02b4142f88.svg\" /\u003E лет. Округлив, получаем ответ: через 6 лет.\u003C/p\u003E","criteria":"","part2":false}},{"model":"math_app.test","pk":51,"fields":{"exercise":34,"problem_text":"\u003Cp\u003EДля объектов, указанных в таблице, определите, какими цифрами они обозначены на схеме. Заполните таблицу, в ответ запишите последовательность четырех цифр.\u003C/p\u003E\r\n\r\n\u003Ctable\u003E\r\n\t\u003Ctbody\u003E\r\n\t\t\u003Ctr\u003E\r\n\t\t\t\u003Cth\u003EОбъекты\u003C/th\u003E\r\n\t\t\t\u003Ctd\u003EБалкон\u003C/td\u003E\r\n\t\t\t\u003Ctd\u003EДетская комната\u003C/td\u003E\r\n\t\t\t\u003Ctd\u003EКабинет\u003C/td\u003E\r\n\t\t\t\u003Ctd\u003EКухня\u003C/td\u003E\r\n\t\t\u003C/tr\u003E\r\n\t\t\u003Ctr\u003E\r\n\t\t\t\u003Cth\u003EЦифры\u003C/th\u003E\r\n\t\t\t\u003Ctd\u003E&nbsp;\u003C/td\u003E\r\n\t\t\t\u003Ctd\u003E&nbsp;\u003C/td\u003E\r\n\t\t\t\u003Ctd\u003E&nbsp;\u003C/td\u003E\r\n\t\t\t\u003Ctd\u003E&nbsp;\u003C/td\u003E\r\n\t\t\u003C/tr\u003E\r\n\t\u003C/tbody\u003E\r\n\u003C/table\u003E","time_create":"2023-10-04T11:31:28.135Z","time_update":"2023-10-04T20:25:55.686Z","solution":"\u003Cp\u003EПри входе в квартиру расположен коридор, отмеченный цифрой 2. Слева от него расположен балкон. Значит, балкон отмечен цифрой 1. Напротив входа в квартиру располагается совмещенный санузел, а справа от него  &mdash; детская комната, следовательно, детская комната отмечена на схеме цифрой 4. Гостиная занимает наибольшую площадь в квартире, из гостиной можно попасть в кабинет, поэтому кабинет отмечен цифрой 7. В конце коридора находится кухня площадью 20 м\u003Csup\u003E2\u003C/sup\u003E, значит, кухня отмечена цифрой 5.\u003C/p\u003E","criteria":"","part2":false}},{"model":"math_app.test","pk":52,"fields":{"exercise":34,"problem_text":"\u003Cp\u003EПаркетная доска продается в упаковках по 8 шт. Сколько упаковок с паркетной доской требуется купить, чтобы покрыть пол в гостиной?\u003C/p\u003E","time_create":"2023-10-04T11:31:28.136Z","time_update":"2023-10-04T11:31:28.136Z","solution":"\u003Cp\u003EЗаметим, что чтобы покрыть паркетной доской 1 м\u003Csup\u003E2\u003C/sup\u003E пола, требуется 4 доски. Найдем площадь гостиной:\u003C/p\u003E\r\n\r\n\u003Cp\u003E\u003Cimg alt=\"7 умножить на 5=35\" src=\"https://oge.sdamgia.ru/formula/svg/d8/d83c4a2c64f0653327ba932676201011.svg\" /\u003E м\u003Csup\u003E2\u003C/sup\u003E.\u003C/p\u003E\r\n\r\n\u003Cp\u003EЗначит, требуется 35 &middot; 4  =  140 досок. Следовательно, требуется \u003Cimg alt=\" дробь: числитель: 140, знаменатель: 8 конец дроби =17,5 \" src=\"https://oge.sdamgia.ru/formula/svg/20/20ebd82691739497b1a117896ac92a4a.svg\" /\u003E упаковок с паркетной доской. Таким образом, необходимо купить 18 упаковок.\u003C/p\u003E","criteria":"","part2":false}},{"model":"math_app.test","pk":53,"fields":{"exercise":34,"problem_text":"\u003Cp\u003EНайдите площадь коридора (коридором считается площадь квартиры, не занятая комнатами или балконом). Ответ дайте в квадратных метрах.\u003C/p\u003E","time_create":"2023-10-04T11:31:28.137Z","time_update":"2023-10-04T11:31:28.137Z","solution":"\u003Cp\u003EСторона одной клетки равна 1 м. Значит, площадь коридора равна:\u003C/p\u003E\r\n\r\n\u003Cp\u003E\u003Cimg alt=\"3 умножить на 6 плюс 7 умножить на 1=25\" src=\"https://oge.sdamgia.ru/formula/svg/d1/d1f2eb59856f9af897386fa8633d4042.svg\" /\u003E м\u003Csup\u003E2\u003C/sup\u003E.\u003C/p\u003E","criteria":"","part2":false}},{"model":"math_app.test","pk":54,"fields":{"exercise":34,"problem_text":"\u003Cp\u003EНайдите расстояние \u003Cem\u003Ed\u003C/em\u003E между противоположными углами детской комнаты в метрах. В ответ запишите \u003Cimg alt=\" дробь: числитель: d, знаменатель: корень из: начало аргумента: 2 конец аргумента конец дроби . \" src=\"https://oge.sdamgia.ru/formula/svg/1d/1dfd7c86a9dd7a879d516f1339c354ff.svg\" /\u003E\u003C/p\u003E","time_create":"2023-10-04T11:31:28.137Z","time_update":"2023-10-04T11:31:28.137Z","solution":"\u003Cp\u003EНайдем расстояние \u003Cem\u003Ed\u003C/em\u003E между противоположными углами детской комнаты по теореме Пифагора:\u003C/p\u003E\r\n\r\n\u003Cp\u003E\u003Cimg alt=\" корень из: начало аргумента: 4 в квадрате плюс 4 в квадрате конец аргумента = корень из: начало аргумента: 16 плюс 16 конец аргумента = корень из: начало аргумента: 32 конец аргумента =4 корень из: начало аргумента: 2 конец аргумента .\" src=\"https://oge.sdamgia.ru/formula/svg/78/78788c70eb1fb8a46fa62fc0af487a67.svg\" /\u003E\u003C/p\u003E\r\n\r\n\u003Cp\u003EТаким образом, получаем ответ: \u003Cimg alt=\" дробь: числитель: 4 корень из: начало аргумента: 2 конец аргумента , знаменатель: корень из: начало аргумента: 2 конец аргумента конец дроби =4. \" src=\"https://oge.sdamgia.ru/formula/svg/13/132359a4829ae74792c79fe8f693aeaa.svg\" /\u003E\u003C/p\u003E","criteria":"","part2":false}},{"model":"math_app.test","pk":55,"fields":{"exercise":34,"problem_text":"\u003Cp\u003EХозяин квартиры планирует установить в квартире плиту для готовки. Он рассматривает два варианта: газовая плита или электроплитка. Цены на плиты, данные о потреблении и тарифах оплаты даны в таблице.\u003C/p\u003E\r\n\r\n\u003Ctable border=\"1\"\u003E\r\n\t\u003Ctbody\u003E\r\n\t\t\u003Ctr\u003E\r\n\t\t\t\u003Ctd\u003E&nbsp;\u003C/td\u003E\r\n\t\t\t\u003Cth\u003EЦена\u003C/th\u003E\r\n\t\t\t\u003Cth\u003EСред. расходгаза /сред. потребл.мощность\u003C/th\u003E\r\n\t\t\t\u003Ctd\u003E\u003Cstrong\u003EСтоимость газа /электро-энергии\u003C/strong\u003E\u003C/td\u003E\r\n\t\t\u003C/tr\u003E\r\n\t\t\u003Ctr\u003E\r\n\t\t\t\u003Ctd\u003EГазовое отопление\u003C/td\u003E\r\n\t\t\t\u003Ctd\u003E44 680 руб.\u003C/td\u003E\r\n\t\t\t\u003Ctd\u003E1,4 куб. м/ч\u003C/td\u003E\r\n\t\t\t\u003Ctd\u003E6 руб./куб. м\u003C/td\u003E\r\n\t\t\u003C/tr\u003E\r\n\t\t\u003Ctr\u003E\r\n\t\t\t\u003Ctd\u003EЭлектр. отопление\u003C/td\u003E\r\n\t\t\t\u003Ctd\u003E21 000 руб.\u003C/td\u003E\r\n\t\t\t\u003Ctd\u003E5,8 кВт\u003C/td\u003E\r\n\t\t\t\u003Ctd\u003E4 руб./(кВт &middot; ч )\u003C/td\u003E\r\n\t\t\u003C/tr\u003E\r\n\t\u003C/tbody\u003E\r\n\u003C/table\u003E\r\n\r\n\u003Cp\u003EОбдумав оба варианта, хозяин решил установить газовую плиту. Через сколько часов непрерывного использования экономия от использования газовой плиты вместо электрической компенсирует разность в стоимости установки газовой плиты и электроплитки?\u003C/p\u003E","time_create":"2023-10-04T11:31:28.138Z","time_update":"2023-10-04T21:10:54.564Z","solution":"\u003Cp\u003EРазница в стоимости покупки газовой плиты и электроплитки равна 44 680 &minus; 21 000  =  23 680 руб. Час использования газовой плиты стоит 1,4 &middot; 6  =  8,4 руб. Час использования электроплитки стоит 5,8 &middot; 4  =  23,2 руб. Разница в стоимости составляет 23,2 &minus; 8,4  =  14,8 руб. Значит, экономия от использования газовой плиты вместо электроплитки компенсирует разность в стоимости установки газовой и электрической плит через \u003Cimg alt=\" дробь: числитель: 23680, знаменатель: 14,8 конец дроби =1600 \" src=\"https://oge.sdamgia.ru/formula/svg/ba/bab1aceb170e6ad59cbea80e660dc6fb.svg\" /\u003E часов.\u003C/p\u003E","criteria":"","part2":false}},{"model":"math_app.answer","pk":1,"fields":{"exercise":21,"answer":"2,25"}},{"model":"math_app.answer","pk":2,"fields":{"exercise":22,"answer":"2"}},{"model":"math_app.answer","pk":3,"fields":{"exercise":23,"answer":"8"}},{"model":"math_app.answer","pk":4,"fields":{"exercise":24,"answer":"80"}},{"model":"math_app.answer","pk":5,"fields":{"exercise":25,"answer":"6"}},{"model":"math_app.answer","pk":6,"fields":{"exercise":26,"answer":"100"}},{"model":"math_app.answer","pk":7,"fields":{"exercise":27,"answer":"0,75"}},{"model":"math_app.answer","pk":8,"fields":{"exercise":28,"answer":"12"}},{"model":"math_app.answer","pk":9,"fields":{"exercise":28,"answer":"21"}},{"model":"math_app.answer","pk":10,"fields":{"exercise":32,"answer":"132"}},{"model":"math_app.answer","pk":11,"fields":{"exercise":33,"answer":"-13"}},{"model":"math_app.answer","pk":12,"fields":{"exercise":34,"answer":"2"}},{"model":"math_app.answer","pk":13,"fields":{"exercise":35,"answer":"50"}},{"model":"math_app.answer","pk":14,"fields":{"exercise":36,"answer":"57"}},{"model":"math_app.answer","pk":15,"fields":{"exercise":37,"answer":"24"}},{"model":"math_app.answer","pk":16,"fields":{"exercise":38,"answer":"168"}},{"model":"math_app.answer","pk":17,"fields":{"exercise":39,"answer":"2"}},{"model":"math_app.answer","pk":18,"fields":{"exercise":40,"answer":"13"}},{"model":"math_app.answer","pk":19,"fields":{"exercise":40,"answer":"31"}},{"model":"math_app.answer","pk":20,"fields":{"exercise":45,"answer":"4,5"}},{"model":"math_app.answer","pk":21,"fields":{"exercise":43,"answer":"5"}},{"model":"math_app.answer","pk":22,"fields":{"exercise":42,"answer":"c  =  −6,25, c  =  −4 или c  =  6"}},{"model":"math_app.answer","pk":23,"fields":{"exercise":1,"answer":"3461"}},{"model":"math_app.answer","pk":24,"fields":{"exercise":2,"answer":"23"}},{"model":"math_app.answer","pk":25,"fields":{"exercise":3,"answer":"68"}},{"model":"math_app.answer","pk":26,"fields":{"exercise":4,"answer":"10"}},{"model":"math_app.answer","pk":27,"fields":{"exercise":5,"answer":"500"}},{"model":"math_app.answer","pk":28,"fields":{"exercise":7,"answer":"2"}},{"model":"math_app.answer","pk":29,"fields":{"exercise":6,"answer":"13"}},{"model":"math_app.answer","pk":30,"fields":{"exercise":8,"answer":"125"}},{"model":"math_app.answer","pk":31,"fields":{"exercise":10,"answer":"0,2"}},{"model":"math_app.answer","pk":32,"fields":{"exercise":9,"answer":"3"}},{"model":"math_app.answer","pk":33,"fields":{"exercise":46,"answer":"1375"}},{"model":"math_app.answer","pk":34,"fields":{"exercise":47,"answer":"13"}},{"model":"math_app.answer","pk":35,"fields":{"exercise":48,"answer":"12"}},{"model":"math_app.answer","pk":36,"fields":{"exercise":49,"answer":"0,8"}},{"model":"math_app.answer","pk":37,"fields":{"exercise":50,"answer":"6"}},{"model":"math_app.answer","pk":38,"fields":{"exercise":51,"answer":"1475"}},{"model":"math_app.answer","pk":39,"fields":{"exercise":52,"answer":"18"}},{"model":"math_app.answer","pk":40,"fields":{"exercise":53,"answer":"25"}},{"model":"math_app.answer","pk":41,"fields":{"exercise":54,"answer":"4"}},{"model":"math_app.answer","pk":42,"fields":{"exercise":55,"answer":"1600"}},{"model":"exam.exam","pk":68,"fields":{"time_create":"2024-05-11T19:39:53.255Z","creator":1,"admin_created":false,"tests":[1,2,3,4,5,6,7,8,9,10,32,21,22,35,36,37,26,39,28,20,41,42,29,44,45]}},{"model":"exam.exam","pk":69,"fields":{"time_create":"2024-05-11T19:40:32.553Z","creator":1,"admin_created":false,"tests":[1,2,3,4,5,6,7,8,9,10,32,21,22,35,36,37,26,39,28,20,41,42,29,44,45]}},{"model":"exam.exam","pk":70,"fields":{"time_create":"2024-05-11T19:40:49.383Z","creator":1,"admin_created":false,"tests":[1,2,3,4,5,6,7,8,9,10,32,21,22,35,36,37,26,39,28,20,41,42,29,44,45]}},{"model":"exam.exam","pk":71,"fields":{"time_create":"2024-05-11T19:44:08.119Z","creator":1,"admin_created":false,"tests":[46,47,48,49,50]}},{"model":"exam.exam","pk":72,"fields":{"time_create":"2024-05-18T19:05:52.915Z","creator":9,"admin_created":true,"tests":[51,52,53,54,55]}},{"model":"exam.examattempt","pk":69,"fields":{"student":1,"exam":68,"score":2,"max_score":31,"geometry_score":2,"mark":"2","time_spent":"00:00:05","completed_date":"2024-05-11T19:39:53.306Z"}},{"model":"exam.examattempt","pk":70,"fields":{"student":1,"exam":69,"score":2,"max_score":31,"geometry_score":2,"mark":"2","time_spent":"00:00:05","completed_date":"2024-05-11T19:40:32.672Z"}},{"model":"exam.examattempt","pk":71,"fields":{"student":1,"exam":70,"score":2,"max_score":31,"geometry_score":2,"mark":"2","time_spent":"00:00:05","completed_date":"2024-05-11T19:40:49.492Z"}},{"model":"exam.examattempt","pk":72,"fields":{"student":1,"exam":71,"score":0,"max_score":5,"geometry_score":0,"mark":"2","time_spent":"00:00:04","completed_date":"2024-05-11T19:44:08.170Z"}},{"model":"exam.examattempt","pk":73,"fields":{"student":9,"exam":72,"score":0,"max_score":5,"geometry_score":0,"mark":"2","time_spent":"00:00:03","completed_date":"2024-05-18T19:05:52.979Z"}},{"model":"exam.examattempt","pk":74,"fields":{"student":9,"exam":72,"score":1,"max_score":5,"geometry_score":0,"mark":"2","time_spent":"00:00:18","completed_date":"2024-05-18T19:06:12.001Z"}},{"model":"exam.testattempt","pk":528,"fields":{"student":1,"exam_attempt":69,"test":1,"answer":null,"completed_date":"2024-05-11T19:39:53.330Z"}},{"model":"exam.testattempt","pk":529,"fields":{"student":1,"exam_attempt":69,"test":2,"answer":null,"completed_date":"2024-05-11T19:39:53.346Z"}},{"model":"exam.testattempt","pk":530,"fields":{"student":1,"exam_attempt":69,"test":3,"answer":null,"completed_date":"2024-05-11T19:39:53.364Z"}},{"model":"exam.testattempt","pk":531,"fields":{"student":1,"exam_attempt":69,"test":4,"answer":null,"completed_date":"2024-05-11T19:39:53.391Z"}},{"model":"exam.testattempt","pk":532,"fields":{"student":1,"exam_attempt":69,"test":5,"answer":null,"completed_date":"2024-05-11T19:39:53.412Z"}},{"model":"exam.testattempt","pk":533,"fields":{"student":1,"exam_attempt":69,"test":6,"answer":null,"completed_date":"2024-05-11T19:39:53.428Z"}},{"model":"exam.testattempt","pk":534,"fields":{"student":1,"exam_attempt":69,"test":7,"answer":null,"completed_date":"2024-05-11T19:39:53.456Z"}},{"model":"exam.testattempt","pk":535,"fields":{"student":1,"exam_attempt":69,"test":8,"answer":null,"completed_date":"2024-05-11T19:39:53.477Z"}},{"model":"exam.testattempt","pk":536,"fields":{"student":1,"exam_attempt":69,"test":9,"answer":null,"completed_date":"2024-05-11T19:39:53.500Z"}},{"model":"exam.testattempt","pk":537,"fields":{"student":1,"exam_attempt":69,"test":10,"answer":null,"completed_date":"2024-05-11T19:39:53.523Z"}},{"model":"exam.testattempt","pk":538,"fields":{"student":1,"exam_attempt":69,"test":32,"answer":"23","completed_date":"2024-05-11T19:39:53.547Z"}},{"model":"exam.testattempt","pk":539,"fields":{"student":1,"exam_attempt":69,"test":21,"answer":null,"completed_date":"2024-05-11T19:39:53.559Z"}},{"model":"exam.testattempt","pk":540,"fields":{"student":1,"exam_attempt":69,"test":22,"answer":null,"completed_date":"2024-05-11T19:39:53.572Z"}},{"model":"exam.testattempt","pk":541,"fields":{"student":1,"exam_attempt":69,"test":35,"answer":null,"completed_date":"2024-05-11T19:39:53.603Z"}},{"model":"exam.testattempt","pk":542,"fields":{"student":1,"exam_attempt":69,"test":36,"answer":null,"completed_date":"2024-05-11T19:39:53.622Z"}},{"model":"exam.testattempt","pk":543,"fields":{"student":1,"exam_attempt":69,"test":37,"answer":null,"completed_date":"2024-05-11T19:39:53.641Z"}},{"model":"exam.testattempt","pk":544,"fields":{"student":1,"exam_attempt":69,"test":26,"answer":null,"completed_date":"2024-05-11T19:39:53.651Z"}},{"model":"exam.testattempt","pk":545,"fields":{"student":1,"exam_attempt":69,"test":39,"answer":null,"completed_date":"2024-05-11T19:39:53.682Z"}},{"model":"exam.testattempt","pk":546,"fields":{"student":1,"exam_attempt":69,"test":28,"answer":null,"completed_date":"2024-05-11T19:39:53.698Z"}},{"model":"exam.testattempt","pk":547,"fields":{"student":1,"exam_attempt":69,"test":20,"answer":null,"completed_date":"2024-05-11T19:39:53.730Z"}},{"model":"exam.testattempt","pk":548,"fields":{"student":1,"exam_attempt":69,"test":41,"answer":null,"completed_date":"2024-05-11T19:39:53.761Z"}},{"model":"exam.testattempt","pk":549,"fields":{"student":1,"exam_attempt":69,"test":42,"answer":null,"completed_date":"2024-05-11T19:39:53.776Z"}},{"model":"exam.testattempt","pk":550,"fields":{"student":1,"exam_attempt":69,"test":29,"answer":null,"completed_date":"2024-05-11T19:39:53.792Z"}},{"model":"exam.testattempt","pk":551,"fields":{"student":1,"exam_attempt":69,"test":44,"answer":null,"completed_date":"2024-05-11T19:39:53.824Z"}},{"model":"exam.testattempt","pk":552,"fields":{"student":1,"exam_attempt":69,"test":45,"answer":"2","completed_date":"2024-05-11T19:39:53.839Z"}},{"model":"exam.testattempt","pk":553,"fields":{"student":1,"exam_attempt":70,"test":1,"answer":null,"completed_date":"2024-05-11T19:40:32.700Z"}},{"model":"exam.testattempt","pk":554,"fields":{"student":1,"exam_attempt":70,"test":2,"answer":null,"completed_date":"2024-05-11T19:40:32.727Z"}},{"model":"exam.testattempt","pk":555,"fields":{"student":1,"exam_attempt":70,"test":3,"answer":null,"completed_date":"2024-05-11T19:40:32.752Z"}},{"model":"exam.testattempt","pk":556,"fields":{"student":1,"exam_attempt":70,"test":4,"answer":null,"completed_date":"2024-05-11T19:40:32.775Z"}},{"model":"exam.testattempt","pk":557,"fields":{"student":1,"exam_attempt":70,"test":5,"answer":null,"completed_date":"2024-05-11T19:40:32.797Z"}},{"model":"exam.testattempt","pk":558,"fields":{"student":1,"exam_attempt":70,"test":6,"answer":null,"completed_date":"2024-05-11T19:40:32.816Z"}},{"model":"exam.testattempt","pk":559,"fields":{"student":1,"exam_attempt":70,"test":7,"answer":null,"completed_date":"2024-05-11T19:40:32.834Z"}},{"model":"exam.testattempt","pk":560,"fields":{"student":1,"exam_attempt":70,"test":8,"answer":null,"completed_date":"2024-05-11T19:40:32.851Z"}},{"model":"exam.testattempt","pk":561,"fields":{"student":1,"exam_attempt":70,"test":9,"answer":null,"completed_date":"2024-05-11T19:40:32.869Z"}},{"model":"exam.testattempt","pk":562,"fields":{"student":1,"exam_attempt":70,"test":10,"answer":null,"completed_date":"2024-05-11T19:40:32.887Z"}},{"model":"exam.testattempt","pk":563,"fields":{"student":1,"exam_attempt":70,"test":32,"answer":"23","completed_date":"2024-05-11T19:40:32.905Z"}},{"model":"exam.testattempt","pk":564,"fields":{"student":1,"exam_attempt":70,"test":21,"answer":null,"completed_date":"2024-05-11T19:40:32.923Z"}},{"model":"exam.testattempt","pk":565,"fields":{"student":1,"exam_attempt":70,"test":22,"answer":null,"completed_date":"2024-05-11T19:40:32.943Z"}},{"model":"exam.testattempt","pk":566,"fields":{"student":1,"exam_attempt":70,"test":35,"answer":null,"completed_date":"2024-05-11T19:40:32.961Z"}},{"model":"exam.testattempt","pk":567,"fields":{"student":1,"exam_attempt":70,"test":36,"answer":null,"completed_date":"2024-05-11T19:40:32.980Z"}},{"model":"exam.testattempt","pk":568,"fields":{"student":1,"exam_attempt":70,"test":37,"answer":null,"completed_date":"2024-05-11T19:40:32.996Z"}},{"model":"exam.testattempt","pk":569,"fields":{"student":1,"exam_attempt":70,"test":26,"answer":null,"completed_date":"2024-05-11T19:40:33.012Z"}},{"model":"exam.testattempt","pk":570,"fields":{"student":1,"exam_attempt":70,"test":39,"answer":null,"completed_date":"2024-05-11T19:40:33.027Z"}},{"model":"exam.testattempt","pk":571,"fields":{"student":1,"exam_attempt":70,"test":28,"answer":null,"completed_date":"2024-05-11T19:40:33.043Z"}},{"model":"exam.testattempt","pk":572,"fields":{"student":1,"exam_attempt":70,"test":20,"answer":null,"completed_date":"2024-05-11T19:40:33.064Z"}},{"model":"exam.testattempt","pk":573,"fields":{"student":1,"exam_attempt":70,"test":41,"answer":null,"completed_date":"2024-05-11T19:40:33.083Z"}},{"model":"exam.testattempt","pk":574,"fields":{"student":1,"exam_attempt":70,"test":42,"answer":null,"completed_date":"2024-05-11T19:40:33.102Z"}},{"model":"exam.testattempt","pk":575,"fields":{"student":1,"exam_attempt":70,"test":29,"answer":null,"completed_date":"2024-05-11T19:40:33.120Z"}},{"model":"exam.testattempt","pk":576,"fields":{"student":1,"exam_attempt":70,"test":44,"answer":null,"completed_date":"2024-05-11T19:40:33.138Z"}},{"model":"exam.testattempt","pk":577,"fields":{"student":1,"exam_attempt":70,"test":45,"answer":"2","completed_date":"2024-05-11T19:40:33.155Z"}},{"model":"exam.testattempt","pk":578,"fields":{"student":1,"exam_attempt":71,"test":1,"answer":null,"completed_date":"2024-05-11T19:40:49.513Z"}},{"model":"exam.testattempt","pk":579,"fields":{"student":1,"exam_attempt":71,"test":2,"answer":null,"completed_date":"2024-05-11T19:40:49.536Z"}},{"model":"exam.testattempt","pk":580,"fields":{"student":1,"exam_attempt":71,"test":3,"answer":null,"completed_date":"2024-05-11T19:40:49.560Z"}},{"model":"exam.testattempt","pk":581,"fields":{"student":1,"exam_attempt":71,"test":4,"answer":null,"completed_date":"2024-05-11T19:40:49.581Z"}},{"model":"exam.testattempt","pk":582,"fields":{"student":1,"exam_attempt":71,"test":5,"answer":null,"completed_date":"2024-05-11T19:40:49.601Z"}},{"model":"exam.testattempt","pk":583,"fields":{"student":1,"exam_attempt":71,"test":6,"answer":null,"completed_date":"2024-05-11T19:40:49.626Z"}},{"model":"exam.testattempt","pk":584,"fields":{"student":1,"exam_attempt":71,"test":7,"answer":null,"completed_date":"2024-05-11T19:40:49.645Z"}},{"model":"exam.testattempt","pk":585,"fields":{"student":1,"exam_attempt":71,"test":8,"answer":null,"completed_date":"2024-05-11T19:40:49.665Z"}},{"model":"exam.testattempt","pk":586,"fields":{"student":1,"exam_attempt":71,"test":9,"answer":null,"completed_date":"2024-05-11T19:40:49.686Z"}},{"model":"exam.testattempt","pk":587,"fields":{"student":1,"exam_attempt":71,"test":10,"answer":null,"completed_date":"2024-05-11T19:40:49.707Z"}},{"model":"exam.testattempt","pk":588,"fields":{"student":1,"exam_attempt":71,"test":32,"answer":"23","completed_date":"2024-05-11T19:40:49.727Z"}},{"model":"exam.testattempt","pk":589,"fields":{"student":1,"exam_attempt":71,"test":21,"answer":null,"completed_date":"2024-05-11T19:40:49.747Z"}},{"model":"exam.testattempt","pk":590,"fields":{"student":1,"exam_attempt":71,"test":22,"answer":null,"completed_date":"2024-05-11T19:40:49.768Z"}},{"model":"exam.testattempt","pk":591,"fields":{"student":1,"exam_attempt":71,"test":35,"answer":null,"completed_date":"2024-05-11T19:40:49.790Z"}},{"model":"exam.testattempt","pk":592,"fields":{"student":1,"exam_attempt":71,"test":36,"answer":null,"completed_date":"2024-05-11T19:40:49.813Z"}},{"model":"exam.testattempt","pk":593,"fields":{"student":1,"exam_attempt":71,"test":37,"answer":null,"completed_date":"2024-05-11T19:40:49.831Z"}},{"model":"exam.testattempt","pk":594,"fields":{"student":1,"exam_attempt":71,"test":26,"answer":null,"completed_date":"2024-05-11T19:40:49.849Z"}},{"model":"exam.testattempt","pk":595,"fields":{"student":1,"exam_attempt":71,"test":39,"answer":null,"completed_date":"2024-05-11T19:40:49.866Z"}},{"model":"exam.testattempt","pk":596,"fields":{"student":1,"exam_attempt":71,"test":28,"answer":null,"completed_date":"2024-05-11T19:40:49.882Z"}},{"model":"exam.testattempt","pk":597,"fields":{"student":1,"exam_attempt":71,"test":20,"answer":null,"completed_date":"2024-05-11T19:40:49.895Z"}},{"model":"exam.testattempt","pk":598,"fields":{"student":1,"exam_attempt":71,"test":41,"answer":null,"completed_date":"2024-05-11T19:40:49.910Z"}},{"model":"exam.testattempt","pk":599,"fields":{"student":1,"exam_attempt":71,"test":42,"answer":null,"completed_date":"2024-05-11T19:40:49.923Z"}},{"model":"exam.testattempt","pk":600,"fields":{"student":1,"exam_attempt":71,"test":29,"answer":null,"completed_date":"2024-05-11T19:40:49.936Z"}},{"model":"exam.testattempt","pk":601,"fields":{"student":1,"exam_attempt":71,"test":44,"answer":null,"completed_date":"2024-05-11T19:40:49.950Z"}},{"model":"exam.testattempt","pk":602,"fields":{"student":1,"exam_attempt":71,"test":45,"answer":"2","completed_date":"2024-05-11T19:40:49.964Z"}},{"model":"exam.testattempt","pk":603,"fields":{"student":1,"exam_attempt":72,"test":46,"answer":null,"completed_date":"2024-05-11T19:44:08.195Z"}},{"model":"exam.testattempt","pk":604,"fields":{"student":1,"exam_attempt":72,"test":47,"answer":null,"completed_date":"2024-05-11T19:44:08.211Z"}},{"model":"exam.testattempt","pk":605,"fields":{"student":1,"exam_attempt":72,"test":48,"answer":null,"completed_date":"2024-05-11T19:44:08.243Z"}},{"model":"exam.testattempt","pk":606,"fields":{"student":1,"exam_attempt":72,"test":49,"answer":null,"completed_date":"2024-05-11T19:44:08.260Z"}},{"model":"exam.testattempt","pk":607,"fields":{"student":1,"exam_attempt":72,"test":50,"answer":null,"completed_date":"2024-05-11T19:44:08.292Z"}},{"model":"exam.testattempt","pk":608,"fields":{"student":9,"exam_attempt":73,"test":51,"answer":null,"completed_date":"2024-05-18T19:05:53.011Z"}},{"model":"exam.testattempt","pk":609,"fields":{"student":9,"exam_attempt":73,"test":52,"answer":null,"completed_date":"2024-05-18T19:05:53.093Z"}},{"model":"exam.testattempt","pk":610,"fields":{"student":9,"exam_attempt":73,"test":53,"answer":null,"completed_date":"2024-05-18T19:05:53.243Z"}},{"model":"exam.testattempt","pk":611,"fields":{"student":9,"exam_attempt":73,"test":54,"answer":"45","completed_date":"2024-05-18T19:05:53.257Z"}},{"model":"exam.testattempt","pk":612,"fields":{"student":9,"exam_attempt":73,"test":55,"answer":"13","completed_date":"2024-05-18T19:05:53.269Z"}},{"model":"exam.testattempt","pk":613,"fields":{"student":9,"exam_attempt":74,"test":51,"answer":null,"completed_date":"2024-05-18T19:06:12.016Z"}},{"model":"exam.testattempt","pk":614,"fields":{"student":9,"exam_attempt":74,"test":52,"answer":"18","completed_date":"2024-05-18T19:06:12.031Z"}},{"model":"exam.testattempt","pk":615,"fields":{"student":9,"exam_attempt":74,"test":53,"answer":"3","completed_date":"2024-05-18T19:06:12.046Z"}},{"model":"exam.testattempt","pk":616,"fields":{"student":9,"exam_attempt":74,"test":54,"answer":"45","completed_date":"2024-05-18T19:06:12.056Z"}},{"model":"exam.testattempt","pk":617,"fields":{"student":9,"exam_attempt":74,"test":55,"answer":null,"completed_date":"2024-05-18T19:06:12.068Z"}},{"model":"users.user","pk":1,"fields":{"password":"pbkdf2_sha256$600000$HRI1rtyS7NkhdZhwFM1M8O$4h/PigZD8fR4Xt45WIKVCdlKkF2zrQ2NmEsjTO1WnSE=","last_login":"2024-05-18T21:55:05.226Z","is_superuser":true,"username":"kate","first_name":"Ekaterina","last_name":"Zanoskina","email":"ek.zanoskina@gmail.com","is_staff":true,"is_active":true,"date_joined":"2024-05-01T06:35:47.172Z","photo":"","date_birth":null,"city":null,"role":"ученик","groups":[],"user_permissions":[]}},{"model":"users.user","pk":9,"fields":{"password":"!ahpQ3HVO47tIJeR0JYOqiocvdy5iejde8MfjUePl","last_login":"2024-05-18T20:18:25.371Z","is_superuser":false,"username":"ekzanoskina","first_name":"Ekaterina","last_name":"","email":"","is_staff":false,"is_active":true,"date_joined":"2024-05-18T18:58:33.117Z","photo":"users/default.jpg","date_birth":null,"city":null,"role":"ученик","groups":[1],"user_permissions":[]}},{"model":"users.user","pk":10,"fields":{"password":"pbkdf2_sha256$600000$zibvoZ8VNpY4Zy5GojY8I8$/diBVrSrwGNJJNn0sNuD4mDFFhuiJDUSBoI4BNLI34U=","last_login":"2024-05-18T19:28:40.231Z","is_superuser":false,"username":"kate1","first_name":"Kate","last_name":"Zan","email":"kate1@gmail.com","is_staff":false,"is_active":true,"date_joined":"2024-05-18T19:28:28.721Z","photo":"users/default.jpg","date_birth":null,"city":null,"role":"ученик","groups":[],"user_permissions":[]}}]